CLIENTE,SUBCARPETA,NO. PARTE,CODIGO,NOMBRE,LIGA,RMS,,,
NISSAN,H60A,550206KH0C,PRODUCCION_OP-PREVIAS_H-55020-6KH0C,HOJA DE ESPECIFICACION OPERACIONES PREVIAS,http://rsx-sviis1/rms/frm_showfilepdf.ashx?pr01=06262025_085131.852_PRODUCCION_OP-PREVIAS_H-55020-6KH0C_(Mod._24_06_2025).PDF&pr02=application/pdf&pr03=7994,VERDADERO,,,
NISSAN,H60A,550206KH0D,PRODUCCION_OP-PREVIAS_H-55020-6KH0D,HOJA DE ESPECIFICACION OPERACIONES PREVIAS,http://rsx-sviis1/rms/frm_showfilepdf.ashx?pr01=06262025_085425.666_PRODUCCION_OP-PREVIAS_H-55020-6KH0D_(Mod._24_06_2025).PDF&pr02=application/pdf&pr03=7996,VERDADERO,,,
NISSAN,H60A,550206KH1C,PRODUCCION_OP-PREVIAS_H-55020-6KH1C,HOJA DE ESPECIFICACION OPERACIONES PREVIAS,http://rsx-sviis1/rms/frm_showfilepdf.ashx?pr01=06262025_085708.698_PRODUCCION_OP-PREVIAS_H-55020-6KH1C_(Mod._24_06_2025).PDF&pr02=application/pdf&pr03=7998,VERDADERO,,,
NISSAN,H60A,550206KH3C,PRODUCCION_OP-PREVIAS_H-55020-6KH3C,HOJA DE ESPECIFICACION OPERACIONES PREVIAS,http://rsx-sviis1/rms/frm_showfilepdf.ashx?pr01=06262025_085856.355_PRODUCCION_OP-PREVIAS_H-55020-6KH3C_(Mod._24_06_2025).PDF&pr02=application/pdf&pr03=8000,VERDADERO,,,
NISSAN,H60A,550206KH0C,OP-FINALES_H-55020-6KH0C,HOJA DE ESPECIFICACION OPERACIONES FINALES,http://rsx-sviis1/rms/frm_showfilepdf.ashx?pr01=05072025_121148.017_OP-FINALES_H-55020-6KH0C.pdf&pr02=application/pdf&pr03=7525,VERDADERO,,,
NISSAN,H60A,550206KH0D,OP-FINALES_H-55020-6KH0D,HOJA DE ESPECIFICACION OPERACIONES FINALES,http://rsx-sviis1/rms/frm_showfilepdf.ashx?pr01=05072025_121242.486_OP-FINALES_H-55020-6KH0D.pdf&pr02=application/pdf&pr03=7526,VERDADERO,,,
NISSAN,H60A,550206KH1C,OP-FINALES_H-55020-6KH1C,HOJA DE ESPECIFICACION OPERACIONES FINALES,http://rsx-sviis1/rms/frm_showfilepdf.ashx?pr01=05072025_121416.924_OP-FINALES_H-55020-6KH1C.pdf&pr02=application/pdf&pr03=7527,VERDADERO,,,
NISSAN,H60A,550206KH3C,OP-FINALES_H-55020-6KH3C,HOJA DE ESPECIFICACION OPERACIONES FINALES,http://rsx-sviis1/rms/frm_showfilepdf.ashx?pr01=05072025_121507.489_OP-FINALES_H-55020-6KH3C.pdf&pr02=application/pdf&pr03=7528,VERDADERO,,,
NISSAN,H60A,550205JJ0C,OP-PREVIAS_H-55020-5JJ0C,HOJA DE ESPECIFICACION OPERACIONES PREVIAS,http://rsx-sviis1/rms/frm_showfilepdf.ashx?pr01=11062025_101846.409_OP-PREVIAS_H-55020-5JJ0C.PDF&pr02=application/pdf&pr03=8508,VERDADERO,,,
NISSAN,H60A,550205JJ1C,OP-PREVIAS_H-55020-5JJ1C,HOJA DE ESPECIFICACION OPERACIONES PREVIAS,http://rsx-sviis1/rms/frm_showfilepdf.ashx?pr01=11062025_102152.112_OP-PREVIAS_H-55020-5JJ1C.PDF&pr02=application/pdf&pr03=8509,VERDADERO,,,
NISSAN,H60A,550205JJ2C,OP-PREVIAS_H-55020-5JJ2C,HOJA DE ESPECIFICACION OPERACIONES PREVIAS,http://rsx-sviis1/rms/frm_showfilepdf.ashx?pr01=11062025_102454.315_OP-PREVIAS_H-55020-5JJ2C.PDF&pr02=application/pdf&pr03=8510,VERDADERO,,,
NISSAN,H60A,550205JJ3C,OP-PREVIAS_H-55020-5JJ3C,HOJA DE ESPECIFICACION OPERACIONES PREVIAS,http://rsx-sviis1/rms/frm_showfilepdf.ashx?pr01=11062025_102744.784_OP-PREVIAS_H-55020-5JJ3C.PDF&pr02=application/pdf&pr03=8511,VERDADERO,,,
NISSAN,H60A,550205JJ4C,OP-PREVIAS_H-55020-5JJ4C,HOJA DE ESPECIFICACION OPERACIONES PREVIAS,http://rsx-sviis1/rms/frm_showfilepdf.ashx?pr01=11062025_103202.082_OP-PREVIAS_H-55020-5JJ4C.PDF&pr02=application/pdf&pr03=8512,VERDADERO,,,
NISSAN,H60A,550205JJ5C,OP-PREVIAS_H-55020-5JJ5C,HOJA DE ESPECIFICACION OPERACIONES PREVIAS,http://rsx-sviis1/rms/frm_showfilepdf.ashx?pr01=11062025_103345.489_OP-PREVIAS_H-55020-5JJ5C.PDF&pr02=application/pdf&pr03=8513,VERDADERO,,,
NISSAN,H60A,550205JJ6C,OP-PREVIAS_H-55020-5JJ6C,HOJA DE ESPECIFICACION OPERACIONES PREVIAS,http://rsx-sviis1/rms/frm_showfilepdf.ashx?pr01=11062025_103557.896_OP-PREVIAS_H-55020-5JJ6C.PDF&pr02=application/pdf&pr03=8514,VERDADERO,,,
NISSAN,H60A,550205JJ0C,OP-FINALES_H-55020-5JJ0C,HOJA DE ESPECIFICACION OPERACIONES FINALES,http://rsx-sviis1/rms/frm_showfilepdf.ashx?pr01=11062025_104038.977_OP-FINALES_H-55020-5JJ0C.PDF&pr02=application/pdf&pr03=8515,VERDADERO,,,
NISSAN,H60A,550205JJ1C,OP-FINALES_H-55020-5JJ1C,HOJA DE ESPECIFICACION OPERACIONES FINALES,http://rsx-sviis1/rms/frm_showfilepdf.ashx?pr01=11062025_104252.104_OP-FINALES_H-55020-5JJ1C.PDF&pr02=application/pdf&pr03=8516,VERDADERO,,,
NISSAN,H60A,550205JJ2C,OP-FINALES_H-55020-5JJ2C,HOJA DE ESPECIFICACION OPERACIONES FINALES,http://rsx-sviis1/rms/frm_showfilepdf.ashx?pr01=11062025_104534.323_OP-FINALES_H-55020-5JJ2C.PDF&pr02=application/pdf&pr03=8517,VERDADERO,,,
NISSAN,H60A,550205JJ3C,OP-FINALES_H-55020-5JJ3C,HOJA DE ESPECIFICACION OPERACIONES FINALES,http://rsx-sviis1/rms/frm_showfilepdf.ashx?pr01=11062025_104742.745_OP-FINALES_H-55020-5JJ3C.PDF&pr02=application/pdf&pr03=8518,VERDADERO,,,
NISSAN,H60A,550205JJ4C,OP-FINALES_H-55020-5JJ4C,HOJA DE ESPECIFICACION OPERACIONES FINALES,http://rsx-sviis1/rms/frm_showfilepdf.ashx?pr01=11062025_105004.058_OP-FINALES_H-55020-5JJ4C.PDF&pr02=application/pdf&pr03=8519,VERDADERO,,,
NISSAN,H60A,550205JJ5C,OP-FINALES_H-55020-5JJ5C,HOJA DE ESPECIFICACION OPERACIONES FINALES,http://rsx-sviis1/rms/frm_showfilepdf.ashx?pr01=11062025_105226.840_OP-FINALES_H-55020-5JJ5C.PDF&pr02=application/pdf&pr03=8520,VERDADERO,,,
NISSAN,H60A,550205JJ6C,OP-FINALES_H-55020-5JJ6C,HOJA DE ESPECIFICACION OPERACIONES FINALES,http://rsx-sviis1/rms/frm_showfilepdf.ashx?pr01=11062025_105433.497_OP-FINALES_H-55020-5JJ6C.PDF&pr02=application/pdf&pr03=8521,VERDADERO,,,
NISSAN,X11M (USA),550209SJ0A,PRODUCCION_OP-FINALES_H-55020-9SJ0A,HOJA DE ESPECIFICACION OPERACIONES FINALES,http://rsx-sviis1/rms/frm_showfilepdf.ashx?pr01=11062025_111111.625_PRODUCCION_OP-FINALES_H-55020-9SJ0A.PDF&pr02=application/pdf&pr03=8522,VERDADERO,,,
NISSAN,X11M (USA),550209SJ0A,PRODUCCION_OP-PREVIAS_H-55020-9SJ0A,HOJA DE ESPECIFICACION OPERACIONES PREVIAS,http://rsx-sviis1/rms/frm_showfilepdf.ashx?pr01=11062025_111532.752_PRODUCCION_OP-PREVIAS_H-55020-9SJ0A.PDF&pr02=application/pdf&pr03=8523,VERDADERO,,,
FORD,MOTOR HOME,4C345310AC,PRODUCCION_4C34-5310-AC,HOJA DE ESPECIFICACION COMPLETA,http://rsx-sviis1/rms/frm_showfilepdf.ashx?pr01=05072025_111833.994_H-4C34-5310-AC.pdf&pr02=application/pdf&pr03=7550,VERDADERO,,,
FORD,MOTOR HOME,4C345310AD,PRODUCCION_4C34-5310-AD,HOJA DE ESPECIFICACION COMPLETA,http://rsx-sviis1/rms/frm_showfilepdf.ashx?pr01=05072025_112247.405_H-4C34-5310-AD.pdf&pr02=application/pdf&pr03=7552,VERDADERO,,,
FORD,MOTOR HOME,4C345310BD,PRODUCCION_4C34-5310-BD,HOJA DE ESPECIFICACION COMPLETA,http://rsx-sviis1/rms/frm_showfilepdf.ashx?pr01=05072025_112516.328_H-4C34-5310-BD.pdf&pr02=application/pdf&pr03=7554,VERDADERO,,,
FORD,MOTOR HOME,4C345560BB,PRODUCCION_4C34-5560-BB,HOJA DE ESPECIFICACION COMPLETA,http://rsx-sviis1/rms/frm_showfilepdf.ashx?pr01=05072025_112859.566_H-4C34-5560-BB.pdf&pr02=application/pdf&pr03=7558,VERDADERO,,,
FORD,MOTOR HOME,4C345560DB,PRODUCCION_4C34-5560-DB,HOJA DE ESPECIFICACION COMPLETA,http://rsx-sviis1/rms/frm_showfilepdf.ashx?pr01=05072025_113153.335_H-4C34-5560-DB.pdf&pr02=application/pdf&pr03=7560,VERDADERO,,,
FORD,MOTOR HOME,4C345560DD,PRODUCCION_4C34-5560-DD,HOJA DE ESPECIFICACION COMPLETA,http://rsx-sviis1/rms/frm_showfilepdf.ashx?pr01=05072025_113346.024_H-4C34-5560-DD.pdf&pr02=application/pdf&pr03=7562,VERDADERO,,,
FORD,MOTOR HOME,8U945310AC,PRODUCCION_8U94-5310-AC,HOJA DE ESPECIFICACION COMPLETA,http://rsx-sviis1/rms/frm_showfilepdf.ashx?pr01=09252025_110130.872_H-8U94-5310-AC_(25-Septiembre-2025).pdf&pr02=application/pdf&pr03=8384,VERDADERO,,,
FORD,MOTOR HOME,8U945310BC,PRODUCCION_8U94-5310-BC,HOJA DE ESPECIFICACION COMPLETA,http://rsx-sviis1/rms/frm_showfilepdf.ashx?pr01=10102025_100033.578_H-8U94-5310-BC_(07-octubre-2025).pdf&pr02=application/pdf&pr03=8403,VERDADERO,,,
FORD,MOTOR HOME,8U945560AE,PRODUCCION_8U94-5560-AE,HOJA DE ESPECIFICACION COMPLETA,http://rsx-sviis1/rms/frm_showfilepdf.ashx?pr01=05072025_114329.969_H-8U94-5560-AE.pdf&pr02=application/pdf&pr03=7569,VERDADERO,,,
FORD,MOTOR HOME,8U945560AF,PRODUCCION_8U94-5560-AF,HOJA DE ESPECIFICACION COMPLETA,http://rsx-sviis1/rms/frm_showfilepdf.ashx?pr01=05072025_114733.115_H-8U94-5560-AF.pdf&pr02=application/pdf&pr03=7572,VERDADERO,,,
FORD,MOTOR HOME,8U945560BE,PRODUCCION_8U94-5560-BE,HOJA DE ESPECIFICACION COMPLETA,http://rsx-sviis1/rms/frm_showfilepdf.ashx?pr01=05072025_114947.711_H-8U94-5560-BE.pdf&pr02=application/pdf&pr03=7574,VERDADERO,,,
FORD,MOTOR HOME,8U945560BF,PRODUCCION_8U94-5560-BF,HOJA DE ESPECIFICACION COMPLETA,http://rsx-sviis1/rms/frm_showfilepdf.ashx?pr01=05072025_115200.417_H-8U94-5560-BF.pdf&pr02=application/pdf&pr03=7576,VERDADERO,,,
FORD,MOTOR HOME,4C345310CD,PRODUCCION_4C34-5310-CD,HOJA DE ESPECIFICACION COMPLETA,http://rsx-sviis1/rms/frm_showfilepdf.ashx?pr01=05072025_012808.633_H-4C34-5310-CD.pdf&pr02=application/pdf&pr03=7578,VERDADERO,,,
FORD,MOTOR HOME,4C345310DD,PRODUCCION_4C34-5310-DD,HOJA DE ESPECIFICACION COMPLETA,http://rsx-sviis1/rms/frm_showfilepdf.ashx?pr01=05072025_013200.420_H-4C34-5310-DD.pdf&pr02=application/pdf&pr03=7580,VERDADERO,,,
FORD,MOTOR HOME,9U945560AC,PRODUCCION_9U94-5560-AC,HOJA DE ESPECIFICACION COMPLETA,http://rsx-sviis1/rms/frm_showfilepdf.ashx?pr01=05072025_013422.735_H-9U94-5560-AC.pdf&pr02=application/pdf&pr03=7582,VERDADERO,,,
FORD,MOTOR HOME,9U945560BC,PRODUCCION_9U94-5560-BC,HOJA DE ESPECIFICACION COMPLETA,http://rsx-sviis1/rms/frm_showfilepdf.ashx?pr01=05072025_013619.205_H-9U94-5560-BC.pdf&pr02=application/pdf&pr03=7585,VERDADERO,,,
FORD,MOTOR HOME,9U945560CC,PRODUCCION_9U94-5560-CC,HOJA DE ESPECIFICACION COMPLETA,http://rsx-sviis1/rms/frm_showfilepdf.ashx?pr01=05072025_013854.553_H-9U94-5560-CC.pdf&pr02=application/pdf&pr03=7587,VERDADERO,,,
FORD,MOTOR HOME,BU945310AC,PRODUCCION_BU94-5310-AC,HOJA DE ESPECIFICACION COMPLETA,http://rsx-sviis1/rms/frm_showfilepdf.ashx?pr01=05072025_014112.914_H-BU94-5310-AC.pdf&pr02=application/pdf&pr03=7589,VERDADERO,,,
FORD,MOTOR HOME,BU945310BC,PRODUCCION_BU94-5310-BC,HOJA DE ESPECIFICACION COMPLETA,http://rsx-sviis1/rms/frm_showfilepdf.ashx?pr01=05072025_014427.417_H-BU94-5310-BC.pdf&pr02=application/pdf&pr03=7591,VERDADERO,,,
FORD,MOTOR HOME,BU945310CC,PRODUCCION_BU94-5310-CC,HOJA DE ESPECIFICACION COMPLETA,http://rsx-sviis1/rms/frm_showfilepdf.ashx?pr01=05072025_014637.653_H-BU94-5310-CC.pdf&pr02=application/pdf&pr03=7593,VERDADERO,,,
FORD,MOTOR HOME,BU945310DC,PRODUCCION_BU94-5310-DC,HOJA DE ESPECIFICACION COMPLETA,http://rsx-sviis1/rms/frm_showfilepdf.ashx?pr01=05072025_014859.765_H-BU94-5310-DC.pdf&pr02=application/pdf&pr03=7595,VERDADERO,,,
FORD,MOTOR HOME,BU945560AD,PRODUCCION_BU94-5560-AD,HOJA DE ESPECIFICACION COMPLETA,http://rsx-sviis1/rms/frm_showfilepdf.ashx?pr01=05072025_015123.814_H-BU94-5560-AD.pdf&pr02=application/pdf&pr03=7597,VERDADERO,,,
FORD,MOTOR HOME,BU945560BC,PRODUCCION_BU94-5560-BC,HOJA DE ESPECIFICACION COMPLETA,http://rsx-sviis1/rms/frm_showfilepdf.ashx?pr01=05072025_015345.223_H-BU94-5560-BC.pdf&pr02=application/pdf&pr03=7599,VERDADERO,,,
FORD,MOTOR HOME,EU945560EB,PRODUCCION_EU94-5560-EB,HOJA DE ESPECIFICACION COMPLETA,http://rsx-sviis1/rms/frm_showfilepdf.ashx?pr01=05072025_015633.679_H-EU94-5560-EB.pdf&pr02=application/pdf&pr03=7601,VERDADERO,,,
FORD,MH TUNING,LU945310CA,PRODUCCION_LU94-5310-CA,HOJA DE ESPECIFICACION COMPLETA,http://rsx-sviis1/rms/frm_showfilepdf.ashx?pr01=05072025_011046.517_PRODUCCION_H-LU94-5310-CA.pdf&pr02=application/pdf&pr03=7530,VERDADERO,,,
FORD,MH TUNING,LU945310DA,PRODUCCION_LU94-5310-DA,HOJA DE ESPECIFICACION COMPLETA,http://rsx-sviis1/rms/frm_showfilepdf.ashx?pr01=05072025_011224.676_PRODUCCION_H-LU94-5310-DA.pdf&pr02=application/pdf&pr03=7535,VERDADERO,,,
FORD,MH TUNING,LU945560DA,PRODUCCION_LU94-5560-DA,HOJA DE ESPECIFICACION COMPLETA,http://rsx-sviis1/rms/frm_showfilepdf.ashx?pr01=05072025_011345.240_PRODUCCION_H-LU94-5560-DA.pdf&pr02=application/pdf&pr03=7532,VERDADERO,,,
FORD,MH TUNING,LU945560HA,PRODUCCION_LU94-5560-HA,HOJA DE ESPECIFICACION COMPLETA,http://rsx-sviis1/rms/frm_showfilepdf.ashx?pr01=05072025_011446.303_PRODUCCION_H-LU94-5560-HA.pdf&pr02=application/pdf&pr03=7537,VERDADERO,,,
FORD,MH TUNING,LU945560JA,PRODUCCION_LU94-5560-JA,HOJA DE ESPECIFICACION COMPLETA,http://rsx-sviis1/rms/frm_showfilepdf.ashx?pr01=05072025_011722.681_PRODUCCION_H-LU94-5560-JA.pdf&pr02=application/pdf&pr03=7540,VERDADERO,,,
FORD,MH TUNING,LU945560LA,PRODUCCION_LU94-5560-LA,HOJA DE ESPECIFICACION COMPLETA,http://rsx-sviis1/rms/frm_showfilepdf.ashx?pr01=05072025_011855.371_PRODUCCION_H-LU94-5560-LA.pdf&pr02=application/pdf&pr03=7542,VERDADERO,,,
FORD,MH TUNING,LU945560MA,PRODUCCION_LU94-5560-MA,HOJA DE ESPECIFICACION COMPLETA,http://rsx-sviis1/rms/frm_showfilepdf.ashx?pr01=05072025_011955.591_PRODUCCION_H-LU94-5560-MA.pdf&pr02=application/pdf&pr03=7544,VERDADERO,,,
FORD,MH TUNING,LU945560NA,PRODUCCION_LU94-5560-NA,HOJA DE ESPECIFICACION COMPLETA,http://rsx-sviis1/rms/frm_showfilepdf.ashx?pr01=05072025_012238.000_PRODUCCION_H-LU94-5560-NA.pdf&pr02=application/pdf&pr03=7547,VERDADERO,,,
FORD,ECONOLINE,8C245560BG,OP-PREVIAS_8C24-5560-BG,HOJA DE ESPECIFICACION OPERACIONES PREVIAS,http://rsx-sviis1/rms/frm_showfilepdf.ashx?pr01=05072025_020107.481_PRODUCCION_OP-PREVIAS_H-8C24-5560-BG.PDF&pr02=application/pdf&pr03=7603,VERDADERO,,,
FORD,ECONOLINE,8C245560CC,OP-PREVIAS_8C24-5560-CC,HOJA DE ESPECIFICACION OPERACIONES PREVIAS,http://rsx-sviis1/rms/frm_showfilepdf.ashx?pr01=05072025_020416.206_PRODUCCION_OP-PREVIAS_H-8C24-5560-CC.PDF&pr02=application/pdf&pr03=7605,VERDADERO,,,
FORD,ECONOLINE,8C245560VG,OP-PREVIAS_8C24-5560-VG,HOJA DE ESPECIFICACION OPERACIONES PREVIAS,http://rsx-sviis1/rms/frm_showfilepdf.ashx?pr01=05072025_020729.476_PRODUCCION_OP-PREVIAS_H-8C24-5560-VG.pdf&pr02=application/pdf&pr03=7607,VERDADERO,,,
FORD,ECONOLINE,8C245560BH,PRODUCCION_OP-PREVIAS_H-8C24-5560-BH,HOJA DE ESPECIFICACION OPERACIONES PREVIAS,http://rsx-sviis1/rms/frm_showfilepdf.ashx?pr01=06262025_094844.925_PRODUCCION_OP-PREVIAS_H-8C24-5560-BH.PDF&pr02=application/pdf&pr03=8001,VERDADERO,,,
FORD,ECONOLINE,8C245560CD,PRODUCCION_OP-PREVIAS_H-8C24-5560-CD,HOJA DE ESPECIFICACION OPERACIONES PREVIAS,http://rsx-sviis1/rms/frm_showfilepdf.ashx?pr01=06262025_095058.816_PRODUCCION_OP-PREVIAS_H-8C24-5560-CD.PDF&pr02=application/pdf&pr03=8002,VERDADERO,,,
FORD,ECONOLINE,8C245560VH,PRODUCCION_OP-PREVIAS_H-8C24-5560-VH,HOJA DE ESPECIFICACION OPERACIONES PREVIAS,http://rsx-sviis1/rms/frm_showfilepdf.ashx?pr01=06262025_095310.303_PRODUCCION_OP-PREVIAS_H-8C24-5560-VH.pdf&pr02=application/pdf&pr03=8003,VERDADERO,,,
FORD,ECONOLINE,8C245560BG,OP-FINALES_8C24-5560-BG,HOJA DE ESPECIFICACION OPERACIONES FINALES,http://rsx-sviis1/rms/frm_showfilepdf.ashx?pr01=05092025_091130.499_PRODUCCION__OP-FINALES_H-8C24-5560-BG.PDF&pr02=application/pdf&pr03=7609,VERDADERO,,,
FORD,ECONOLINE,8C245560CC,OP-FINALES_8C24-5560-CC,HOJA DE ESPECIFICACION OPERACIONES FINALES,http://rsx-sviis1/rms/frm_showfilepdf.ashx?pr01=05092025_091707.289_PRODUCCION__OP-FINALES_H-8C24-5560-CC.PDF&pr02=application/pdf&pr03=7611,VERDADERO,,,
FORD,ECONOLINE,8C245560VG,OP-FINALES_8C24-5560-VG,HOJA DE ESPECIFICACION OPERACIONES FINALES,http://rsx-sviis1/rms/frm_showfilepdf.ashx?pr01=05092025_091951.072_PRODUCCION__OP-FINALES_H-8C24-5560-VG.PDF&pr02=application/pdf&pr03=7613,VERDADERO,,,
FORD,ECONOLINE,8C245560BH,PRODUCCION_ OP-FINALES_H-8C24-5560-BH PROTOTIPO,HOJA DE ESPECIFICACION OPERACIONES FINALES,http://rsx-sviis1/rms/frm_showfilepdf.ashx?pr01=06262025_095557.275_PRODUCCION__OP-FINALES_H-8C24-5560-BH_PROTOTIPO.pdf&pr02=application/pdf&pr03=8004,VERDADERO,,,
FORD,ECONOLINE,8C245560CD,PRODUCCION_ OP-FINALES_H-8C24-5560-CD PROTOTIPO,HOJA DE ESPECIFICACION OPERACIONES FINALES,http://rsx-sviis1/rms/frm_showfilepdf.ashx?pr01=06262025_095934.792_PRODUCCION__OP-FINALES_H-8C24-5560-CD_PROTOTIPO.pdf&pr02=application/pdf&pr03=8005,VERDADERO,,,
FORD,ECONOLINE,8C245560VH,PRODUCCION_ OP-FINALES_H-8C24-5560-VH PROTOTIPO,HOJA DE ESPECIFICACION OPERACIONES FINALES,http://rsx-sviis1/rms/frm_showfilepdf.ashx?pr01=06262025_100218.498_PRODUCCION__OP-FINALES_H-8C24-5560-VH_PROTOTIPO.pdf&pr02=application/pdf&pr03=8006,VERDADERO,,,
AUTOMANN,,551219A,H-55-1219-A OP. FINALES,HOJA DE ESPECIFICACION OPERACIONES FINALES,http://rsx-sviis1/rms/frm_showfilepdf.ashx?pr01=11052025_103628.955_H-55-1219-A_OP._FINALES.pdf&pr02=application/pdf&pr03=8481,VERDADERO,,,
AUTOMANN,,551219A,H-55-1219-A OP. PREVIAS,HOJA DE ESPECIFICACION OPERACIONES PREVIAS,http://rsx-sviis1/rms/frm_showfilepdf.ashx?pr01=11052025_111238.852_H-55-1219-A_OP._PREVIAS.pdf&pr02=application/pdf&pr03=8482,VERDADERO,,,
AUTOMANN,,59548A,H-59-548-A OP. FINALES,HOJA DE ESPECIFICACION OPERACIONES FINALES,http://rsx-sviis1/rms/frm_showfilepdf.ashx?pr01=11052025_112317.120_H-59-548-A_OP._FINALES.pdf&pr02=application/pdf&pr03=8483,VERDADERO,,,
AUTOMANN,,59548A,H-59-548-A OP. PREVIAS,HOJA DE ESPECIFICACION OPERACIONES PREVIAS,http://rsx-sviis1/rms/frm_showfilepdf.ashx?pr01=11052025_112548.761_H-59-548-A_OP._PREVIAS.pdf&pr02=application/pdf&pr03=8484,VERDADERO,,,
AUTOMANN,,461280A,H-46-1280-A OP. FINALES,HOJA DE ESPECIFICACION OPERACIONES FINALES,http://rsx-sviis1/rms/frm_showfilepdf.ashx?pr01=09082025_111719.542_H-46-1280-A_OP._FINALES_04-09-25.pdf&pr02=application/pdf&pr03=8245,VERDADERO,,,
AUTOMANN,,461280A,H-46-1280-A OP. PREVIAS,HOJA DE ESPECIFICACION OPERACIONES PREVIAS,http://rsx-sviis1/rms/frm_showfilepdf.ashx?pr01=09082025_112558.076_H-46-1280-A_OP._PREVIAS_03-09-25.pdf&pr02=application/pdf&pr03=8246,VERDADERO,,,
AUTOMANN,,461302A,H-46-1302-A OP. FINALES,HOJA DE ESPECIFICACION OPERACIONES FINALES,http://rsx-sviis1/rms/frm_showfilepdf.ashx?pr01=11052025_112800.370_H-46-1302-A_OP._FINALES.pdf&pr02=application/pdf&pr03=8485,VERDADERO,,,
AUTOMANN,,461302A,H-46-1302-A OP. PREVIAS,HOJA DE ESPECIFICACION OPERACIONES PREVIAS,http://rsx-sviis1/rms/frm_showfilepdf.ashx?pr01=11052025_113034.746_H-46-1302-A_OP._PREVIAS.pdf&pr02=application/pdf&pr03=8486,VERDADERO,,,
AUTOMANN,,461494A,H-46-1494-A OP. FINALES,HOJA DE ESPECIFICACION OPERACIONES FINALES,http://rsx-sviis1/rms/frm_showfilepdf.ashx?pr01=11052025_113415.637_H-46-1494-A_OP._FINALES.pdf&pr02=application/pdf&pr03=8487,VERDADERO,,,
AUTOMANN,,461494A,H-46-1494-A OP. PREVIAS,HOJA DE ESPECIFICACION OPERACIONES PREVIAS,http://rsx-sviis1/rms/frm_showfilepdf.ashx?pr01=11052025_113638.857_H-46-1494-A_OP._PREVIAS.pdf&pr02=application/pdf&pr03=8488,VERDADERO,,,
AUTOMANN,,551216A,H-55-1216-A OP. FINALES,HOJA DE ESPECIFICACION OPERACIONES FINALES,http://rsx-sviis1/rms/frm_showfilepdf.ashx?pr01=11052025_113932.404_H-55-1216-A_OP._FINALES.pdf&pr02=application/pdf&pr03=8489,VERDADERO,,,
AUTOMANN,,551216A,H-55-1216-A OP. PREVIAS,HOJA DE ESPECIFICACION OPERACIONES PREVIAS,http://rsx-sviis1/rms/frm_showfilepdf.ashx?pr01=11052025_114245.452_H-55-1216-A_OP._PREVIAS.pdf&pr02=application/pdf&pr03=8490,VERDADERO,,,
AUTOMANN,,551217A,H-55-1217-A OP. FINALES,HOJA DE ESPECIFICACION OPERACIONES FINALES,http://rsx-sviis1/rms/frm_showfilepdf.ashx?pr01=11052025_114533.593_H-55-1217-A_OP._FINALES.pdf&pr02=application/pdf&pr03=8491,VERDADERO,,,
AUTOMANN,,551217A,H-55-1217-A OP. PREVIAS,HOJA DE ESPECIFICACION OPERACIONES PREVIAS,http://rsx-sviis1/rms/frm_showfilepdf.ashx?pr01=11052025_114918.391_H-55-1217-A_OP._PREVIAS.pdf&pr02=application/pdf&pr03=8492,VERDADERO,,,
AUTOMANN,,551218A,H-55-1218-A OP. FINALES,HOJA DE ESPECIFICACION OPERACIONES FINALES,http://rsx-sviis1/rms/frm_showfilepdf.ashx?pr01=11052025_115137.157_H-55-1218-A_OP._FINALES.pdf&pr02=application/pdf&pr03=8493,VERDADERO,,,
AUTOMANN,,551218A,H-55-1218-A OP. PREVIAS,HOJA DE ESPECIFICACION OPERACIONES PREVIAS,http://rsx-sviis1/rms/frm_showfilepdf.ashx?pr01=11052025_115419.377_H-55-1218-A_OP._PREVIAS.pdf&pr02=application/pdf&pr03=8494,VERDADERO,,,
AUTOMANN,,75125A,H-75-125-A,HOJA DE ESPECIFICACION COMPLETA,http://rsx-sviis1/rms/frm_showfilepdf.ashx?pr01=11052025_115641.410_H-75-125-A.pdf&pr02=application/pdf&pr03=8495,VERDADERO,,,
AUTOMANN,,75212A,H-75-212-A OP. FINALES,HOJA DE ESPECIFICACION OPERACIONES FINALES,http://rsx-sviis1/rms/frm_showfilepdf.ashx?pr01=11052025_115907.208_H-75-212-A_OP._FINALES.pdf&pr02=application/pdf&pr03=8496,VERDADERO,,,
AUTOMANN,,75212A,H-75-212-A OP. PREVIAS,HOJA DE ESPECIFICACION OPERACIONES PREVIAS,http://rsx-sviis1/rms/frm_showfilepdf.ashx?pr01=11052025_120147.615_H-75-212-A_OP._PREVIAS.pdf&pr02=application/pdf&pr03=8497,VERDADERO,,,
AUTOMANN,,961318A,H-96-1318-A OP. FINALES,HOJA DE ESPECIFICACION OPERACIONES FINALES,http://rsx-sviis1/rms/frm_showfilepdf.ashx?pr01=11052025_120427.084_H-96-1318-A_OP._FINALES.pdf&pr02=application/pdf&pr03=8498,VERDADERO,,,
AUTOMANN,,961318A,H-96-1318-A OP. PREVIAS,HOJA DE ESPECIFICACION OPERACIONES PREVIAS,http://rsx-sviis1/rms/frm_showfilepdf.ashx?pr01=11052025_120644.584_H-96-1318-A_OP._PREVIAS.pdf&pr02=application/pdf&pr03=8499,VERDADERO,,,
AUTOMANN,,961386A,H-96-1386-A OP. FINALES,HOJA DE ESPECIFICACION OPERACIONES FINALES,http://rsx-sviis1/rms/frm_showfilepdf.ashx?pr01=11052025_120843.710_H-96-1386-A_OP._FINALES.pdf&pr02=application/pdf&pr03=8500,VERDADERO,,,
AUTOMANN,,961386A,H-96-1386-A OP. PREVIAS,HOJA DE ESPECIFICACION OPERACIONES PREVIAS,http://rsx-sviis1/rms/frm_showfilepdf.ashx?pr01=11052025_121149.399_H-96-1386-A_OP._PREVIAS.pdf&pr02=application/pdf&pr03=8501,VERDADERO,,,
AUTOMANN,,23C540C,H-23C-540-C,HOJA DE ESPECIFICACION COMPLETA,http://rsx-sviis1/rms/frm_showfilepdf.ashx?pr01=06202025_114229.608_H-23C-540-C.pdf&pr02=application/pdf&pr03=7985,VERDADERO,,,
AUTOMANN,,23C401F,H-23C-400-F,HOJA DE ESPECIFICACION COMPLETA,http://rsx-sviis1/rms/frm_showfilepdf.ashx?pr01=06172025_112059.674_H-23C-400-F_(10-jun-2025).pdf&pr02=application/pdf&pr03=7944,VERDADERO,,,
AFTER MARKET,,45220,H-45-220,HOJA DE ESPECIFICACION COMPLETA,http://rsx-sviis1/rms/frm_showfilepdf.ashx?pr01=06172025_112357.287_H-45-220.pdf&pr02=application/pdf&pr03=7945,VERDADERO,,,
AFTER MARKET,,"12381, 12401, 12361",RX-PD-HRN-49-A,HOJA DE ESPECIFICACION COMPLETA,http://rsx-sviis1/rms/frm_showfilepdf.ashx?pr01=06172025_114743.929_RX-PD-HRN-49-A_(_11-06-2025).pdf&pr02=application/pdf&pr03=7947,VERDADERO,,,
AFTER MARKET,,33C560C,H-33C-560-C,HOJA DE ESPECIFICACION COMPLETA,http://rsx-sviis1/rms/frm_showfilepdf.ashx?pr01=10142025_105749.081_H-33C-560-C_(10-julio-2025).pdf&pr02=application/pdf&pr03=8429,VERDADERO,,,
AFTER MARKET,,22921,H-22-921,HOJA DE ESPECIFICACION COMPLETA,http://rsx-sviis1/rms/frm_showfilepdf.ashx?pr01=06262025_082348.779_H-22-921_(19-junio-2025).pdf&pr02=application/pdf&pr03=7990,VERDADERO,,,
AFTER MARKET,,32830,H-62-830,HOJA DE ESPECIFICACION COMPLETA,http://rsx-sviis1/rms/frm_showfilepdf.ashx?pr01=06262025_083651.756_H-62-830_(15-jun-2025).pdf&pr02=application/pdf&pr03=7991,VERDADERO,,,
AFTER MARKET,,E5226,H-E-5226,HOJA DE ESPECIFICACION COMPLETA,http://rsx-sviis1/rms/frm_showfilepdf.ashx?pr01=09172025_104533.642_H-E-5226_(27-ago-2025).pdf&pr02=application/pdf&pr03=8269,VERDADERO,,,
AFTER MARKET,,81200,H-81-200,HOJA DE ESPECIFICACION COMPLETA,http://rsx-sviis1/rms/frm_showfilepdf.ashx?pr01=07082025_093025.856_H-81-200_(Actual_04_07_2025).pdf&pr02=application/pdf&pr03=8017,VERDADERO,,,
AFTER MARKET,,44200D,H-44-200-D,HOJA DE ESPECIFICACION COMPLETA,http://rsx-sviis1/rms/frm_showfilepdf.ashx?pr01=07082025_093908.127_H-44-200-D_07-07-25.pdf&pr02=application/pdf&pr03=8018,VERDADERO,,,
AFTER MARKET,,"23C5601, 33C561B",H-RX-PD-HRN-202-A,HOJA DE ESPECIFICACION COMPLETA,http://rsx-sviis1/rms/frm_showfilepdf.ashx?pr01=07082025_100024.093_H-RX-PD-HRN-202-A._(Mod._01_07_2025).pdf&pr02=application/pdf&pr03=8019,VERDADERO,,,
AFTER MARKET,,81200R,H-81-200-R,HOJA DE ESPECIFICACION COMPLETA,http://rsx-sviis1/rms/frm_showfilepdf.ashx?pr01=07232025_082723.010_H-81-200-R_(11-Julio_2025).pdf&pr02=application/pdf&pr03=8022,VERDADERO,,,
AFTER MARKET,,MF300354,H-MF-300-354,HOJA DE ESPECIFICACION COMPLETA,http://rsx-sviis1/rms/frm_showfilepdf.ashx?pr01=07312025_100506.563_H-MF-300-354_(21-JUL-2025).pdf&pr02=application/pdf&pr03=8159,VERDADERO,,,
AFTER MARKET,,91120,H-91-120,HOJA DE ESPECIFICACION COMPLETA,http://rsx-sviis1/rms/frm_showfilepdf.ashx?pr01=07312025_100823.175_H-91-120.pdf&pr02=application/pdf&pr03=8161,VERDADERO,,,
AFTER MARKET,,961308,H-96-1308,HOJA DE ESPECIFICACION COMPLETA,http://rsx-sviis1/rms/frm_showfilepdf.ashx?pr01=07232025_092406.252_H-96-1308_(07-01-2025).pdf&pr02=application/pdf&pr03=8047,VERDADERO,,,
AFTER MARKET,,461240,H-46-1240,HOJA DE ESPECIFICACION COMPLETA,http://rsx-sviis1/rms/frm_showfilepdf.ashx?pr01=07312025_093347.817_H-46-1240_(24-julio-2025).pdf&pr02=application/pdf&pr03=8144,VERDADERO,,,
AFTER MARKET,,491928,H-491928,HOJA DE ESPECIFICACION COMPLETA,http://rsx-sviis1/rms/frm_showfilepdf.ashx?pr01=07312025_100117.406_H-491928__C102738_(30-JULIO-2025).pdf&pr02=application/pdf&pr03=8157,VERDADERO,,,
AFTER MARKET,,961308M,H-96-1308-M,HOJA DE ESPECIFICACION COMPLETA,http://rsx-sviis1/rms/frm_showfilepdf.ashx?pr01=07312025_101134.675_H-96-1308-M.pdf&pr02=application/pdf&pr03=8162,VERDADERO,,,
AFTER MARKET,,44300LO,H-44-300LO OP PREVIAS,HOJA DE ESPECIFICACION OPERACIONES PREVIAS,http://rsx-sviis1/rms/frm_showfilepdf.ashx?pr01=10242025_090200.287_H-44-300LO_OP_PREVIAS.pdf&pr02=application/pdf&pr03=8452,VERDADERO,,,
AFTER MARKET,,44300LO,H-44-300LO OP FINALES,HOJA DE ESPECIFICACION OPERACIONES FINALES,http://rsx-sviis1/rms/frm_showfilepdf.ashx?pr01=10242025_090427.678_H-44-300LO_OP_FINALES.pdf&pr02=application/pdf&pr03=8454,VERDADERO,,,
AFTER MARKET,,TRA2726,H-TRA-2726,HOJA DE ESPECIFICACION COMPLETA,http://rsx-sviis1/rms/frm_showfilepdf.ashx?pr01=09082025_085908.241_H-TRA-2726.pdf&pr02=application/pdf&pr03=8242,VERDADERO,,,
DAYTON,PAQUETE 1,22184,H-22-184 OP. FINALES,HOJA DE ESPECIFICACION OPERACIONES FINALES,http://rsx-sviis1/rms/frm_showfilepdf.ashx?pr01=05162025_103034.712_H-22-184_OP._FINALES.pdf&pr02=application/pdf&pr03=7701,VERDADERO,,,
DAYTON,PAQUETE 1,22185,H-22-184 OP. PREVIAS,HOJA DE ESPECIFICACION OPERACIONES PREVIAS,http://rsx-sviis1/rms/frm_showfilepdf.ashx?pr01=05162025_103217.554_H-22-184_OP._PREVIAS.pdf&pr02=application/pdf&pr03=7702,VERDADERO,,,
DAYTON,PAQUETE 1,22687HD,H-22-687HD OP. FINALES,HOJA DE ESPECIFICACION OPERACIONES FINALES,http://rsx-sviis1/rms/frm_showfilepdf.ashx?pr01=05092025_102406.906_H-22-687HD_OP._FINALES.pdf&pr02=application/pdf&pr03=7616,VERDADERO,,,
DAYTON,PAQUETE 1,22687HD,H-22-687HD OP. PREVIAS,HOJA DE ESPECIFICACION OPERACIONES PREVIAS,http://rsx-sviis1/rms/frm_showfilepdf.ashx?pr01=05092025_103025.381_H-22-687HD_OP._PREVIAS.pdf&pr02=application/pdf&pr03=7618,VERDADERO,,,
DAYTON,PAQUETE 1,221419,H-22-1419 OP. FINALES,HOJA DE ESPECIFICACION OPERACIONES FINALES,http://rsx-sviis1/rms/frm_showfilepdf.ashx?pr01=05092025_103521.107_H-22-1419_OP._FINALES.pdf&pr02=application/pdf&pr03=7619,VERDADERO,,,
DAYTON,PAQUETE 1,221419,H-22-1419 OP. PREVIAS,HOJA DE ESPECIFICACION OPERACIONES PREVIAS,http://rsx-sviis1/rms/frm_showfilepdf.ashx?pr01=05092025_103909.831_H-22-1419_OP._PREVIAS.pdf&pr02=application/pdf&pr03=7620,VERDADERO,,,
DAYTON,PAQUETE 1,221485,H-22-1485 OP. FINALES,HOJA DE ESPECIFICACION OPERACIONES FINALES,http://rsx-sviis1/rms/frm_showfilepdf.ashx?pr01=05092025_104513.790_H-22-1485_OP._FINALES.pdf&pr02=application/pdf&pr03=7621,VERDADERO,,,
DAYTON,PAQUETE 1,221485,H-22-1485 OP. PREVIAS,HOJA DE ESPECIFICACION OPERACIONES PREVIAS,http://rsx-sviis1/rms/frm_showfilepdf.ashx?pr01=05092025_105023.794_H-22-1485_OP._PREVIAS.pdf&pr02=application/pdf&pr03=7622,VERDADERO,,,
DAYTON,PAQUETE 1,221487,H-22-1487 OP. FINALES,HOJA DE ESPECIFICACION OPERACIONES FINALES,http://rsx-sviis1/rms/frm_showfilepdf.ashx?pr01=05092025_105510.753_H-22-1487_OP._FINALES.pdf&pr02=application/pdf&pr03=7623,VERDADERO,,,
DAYTON,PAQUETE 1,221487,H-22-1487 OP. PREVIAS,HOJA DE ESPECIFICACION OPERACIONES PREVIAS,http://rsx-sviis1/rms/frm_showfilepdf.ashx?pr01=05092025_105927.820_H-22-1487_OP._PREVIAS.pdf&pr02=application/pdf&pr03=7624,VERDADERO,,,
DAYTON,PAQUETE 1,34183,H-34-183 OP. FINALES,HOJA DE ESPECIFICACION OPERACIONES FINALES,http://rsx-sviis1/rms/frm_showfilepdf.ashx?pr01=05092025_120537.208_H-34-183_OP._FINALES.pdf&pr02=application/pdf&pr03=7625,VERDADERO,,,
DAYTON,PAQUETE 1,34183,H-34-183 OP. PREVIAS,HOJA DE ESPECIFICACION OPERACIONES PREVIAS,http://rsx-sviis1/rms/frm_showfilepdf.ashx?pr01=05092025_120855.054_H-34-183_OP._PREVIAS.pdf&pr02=application/pdf&pr03=7626,VERDADERO,,,
DAYTON,PAQUETE 1,341461,H-34-1461,HOJA DE ESPECIFICACION COMPLETA,http://rsx-sviis1/rms/frm_showfilepdf.ashx?pr01=05092025_121401.718_H-34-1461.pdf&pr02=application/pdf&pr03=7627,VERDADERO,,,
DAYTON,PAQUETE 1,43419,H-43-419 OP. FINALES,HOJA DE ESPECIFICACION OPERACIONES FINALES,http://rsx-sviis1/rms/frm_showfilepdf.ashx?pr01=09052025_090714.175_H-43-419_OP._FINALES.pdf&pr02=application/pdf&pr03=8214,VERDADERO,,,
DAYTON,PAQUETE 1,43419,H-43-419 OP. PREVIAS,HOJA DE ESPECIFICACION OPERACIONES PREVIAS,http://rsx-sviis1/rms/frm_showfilepdf.ashx?pr01=09052025_090635.956_H-43-419_OP._PREVIAS.pdf&pr02=application/pdf&pr03=8216,VERDADERO,,,
DAYTON,PAQUETE 1,431291,H-43-1291,HOJA DE ESPECIFICACION COMPLETA,http://rsx-sviis1/rms/frm_showfilepdf.ashx?pr01=05152025_112330.654_H-43-1291.pdf&pr02=application/pdf&pr03=7662,VERDADERO,,,
DAYTON,PAQUETE 1,431749HD,H-43-1749HD,HOJA DE ESPECIFICACION COMPLETA,http://rsx-sviis1/rms/frm_showfilepdf.ashx?pr01=05092025_123322.569_H-43-1749HD.pdf&pr02=application/pdf&pr03=7630,VERDADERO,,,
DAYTON,PAQUETE 1,90117,H-90-117 OP. FINALES,HOJA DE ESPECIFICACION OPERACIONES FINALES,http://rsx-sviis1/rms/frm_showfilepdf.ashx?pr01=05092025_123740.590_H-90-117_OP._FINALES.pdf&pr02=application/pdf&pr03=7631,VERDADERO,,,
DAYTON,PAQUETE 1,90117,H-90-117 OP. PREVIAS,HOJA DE ESPECIFICACION OPERACIONES PREVIAS,http://rsx-sviis1/rms/frm_showfilepdf.ashx?pr01=05092025_124019.967_H-90-117_OP._PREVIAS.pdf&pr02=application/pdf&pr03=7632,VERDADERO,,,
DAYTON,PAQUETE 1,90171,H-90-171 OP.FINALES,HOJA DE ESPECIFICACION OPERACIONES FINALES,http://rsx-sviis1/rms/frm_showfilepdf.ashx?pr01=10102025_113450.363_H-90-171_OP.FINALES.pdf&pr02=application/pdf&pr03=8423,VERDADERO,,,
DAYTON,PAQUETE 1,90171,H-90-171 OP.PREVIAS,HOJA DE ESPECIFICACION OPERACIONES PREVIAS,http://rsx-sviis1/rms/frm_showfilepdf.ashx?pr01=05092025_124606.319_H-90-171_OP.PREVIAS.pdf&pr02=application/pdf&pr03=7634,VERDADERO,,,
DAYTON,PAQUETE 1,90173,H-90-173 OP. FINALES,HOJA DE ESPECIFICACION OPERACIONES FINALES,http://rsx-sviis1/rms/frm_showfilepdf.ashx?pr01=10102025_113722.207_H-90-173_OP._FINALES.pdf&pr02=application/pdf&pr03=8425,VERDADERO,,,
DAYTON,PAQUETE 1,90173,H-90-173 OP. PREVIAS,HOJA DE ESPECIFICACION OPERACIONES PREVIAS,http://rsx-sviis1/rms/frm_showfilepdf.ashx?pr01=06172025_120421.025_H-90-173_OP._PREVIAS.pdf&pr02=application/pdf&pr03=7949,VERDADERO,,,
DAYTON,PAQUETE 1,90203HD,H-90-203HD OP. FINALES,HOJA DE ESPECIFICACION OPERACIONES FINALES,http://rsx-sviis1/rms/frm_showfilepdf.ashx?pr01=10102025_113943.818_H-90-203HD_OP._FINALES.pdf&pr02=application/pdf&pr03=8426,VERDADERO,,,
DAYTON,PAQUETE 1,90203HD,H-90-203HD OP. PREVIAS,HOJA DE ESPECIFICACION OPERACIONES PREVIAS,http://rsx-sviis1/rms/frm_showfilepdf.ashx?pr01=10212025_102301.976_H-90-203HD_OP._PREVIAS.pdf&pr02=application/pdf&pr03=8442,VERDADERO,,,
DAYTON,PAQUETE 1,97440,H-97-440 OP. FINALES,HOJA DE ESPECIFICACION OPERACIONES FINALES,http://rsx-sviis1/rms/frm_showfilepdf.ashx?pr01=05092025_010818.217_H-97-440_OP._FINALES.pdf&pr02=application/pdf&pr03=7637,VERDADERO,,,
DAYTON,PAQUETE 1,97440,H-97-440 OP. PREVIAS,HOJA DE ESPECIFICACION OPERACIONES PREVIAS,http://rsx-sviis1/rms/frm_showfilepdf.ashx?pr01=05092025_011032.110_H-97-440_OP._PREVIAS.pdf&pr02=application/pdf&pr03=7638,VERDADERO,,,
DAYTON,PAQUETE 1,43928,PRODUCCION 43-928,HOJA DE ESPECIFICACION COMPLETA,http://rsx-sviis1/rms/frm_showfilepdf.ashx?pr01=05092025_011438.207_PRODUCCION_43-928.pdf&pr02=application/pdf&pr03=7639,VERDADERO,,,
DAYTON,PAQUETE 2,221143,H-22-1143 OP. FINALES,HOJA DE ESPECIFICACION OPERACIONES FINALES,http://rsx-sviis1/rms/frm_showfilepdf.ashx?pr01=09252025_110627.405_H-22-1143_OP._FINALES_(Actual_23_09_2025).pdf&pr02=application/pdf&pr03=8386,VERDADERO,,,
DAYTON,PAQUETE 2,221143,H-22-1143 OP. PREVIAS,HOJA DE ESPECIFICACION OPERACIONES PREVIAS,http://rsx-sviis1/rms/frm_showfilepdf.ashx?pr01=05132025_104058.795_H-22-1143_OP._PREVIAS.pdf&pr02=application/pdf&pr03=7641,VERDADERO,,,
DAYTON,PAQUETE 2,221209HD,H-22-1209HD OP. FINALES,HOJA DE ESPECIFICACION OPERACIONES FINALES,http://rsx-sviis1/rms/frm_showfilepdf.ashx?pr01=05132025_104543.570_H-22-1209HD_OP._FINALES.pdf&pr02=application/pdf&pr03=7642,VERDADERO,,,
DAYTON,PAQUETE 2,221209HD,H-22-1209HD OP. PREVIAS,HOJA DE ESPECIFICACION OPERACIONES PREVIAS,http://rsx-sviis1/rms/frm_showfilepdf.ashx?pr01=05162025_092529.743_H-22-1209HD_OP._PREVIAS.pdf&pr02=application/pdf&pr03=7643,VERDADERO,,,
DAYTON,PAQUETE 2,221419HD,H-22-1419HD OP. FINALES,HOJA DE ESPECIFICACION OPERACIONES FINALES,http://rsx-sviis1/rms/frm_showfilepdf.ashx?pr01=10242025_090716.242_H-22-1419HD_OP._FINALES.pdf&pr02=application/pdf&pr03=8456,VERDADERO,,,
DAYTON,PAQUETE 2,221419HD,H-22-1419HD OP. PREVIAS,HOJA DE ESPECIFICACION OPERACIONES PREVIAS,http://rsx-sviis1/rms/frm_showfilepdf.ashx?pr01=05162025_093417.300_H-22-1419HD_OP._PREVIAS.pdf&pr02=application/pdf&pr03=7681,VERDADERO,,,
DAYTON,PAQUETE 2,43689,H-43-689 OP. FINALES,HOJA DE ESPECIFICACION OPERACIONES FINALES,http://rsx-sviis1/rms/frm_showfilepdf.ashx?pr01=05162025_094019.670_H-43-689_OP._FINALES.pdf&pr02=application/pdf&pr03=7682,VERDADERO,,,
DAYTON,PAQUETE 2,43689,H-43-689 OP.PREVIAS,HOJA DE ESPECIFICACION OPERACIONES PREVIAS,http://rsx-sviis1/rms/frm_showfilepdf.ashx?pr01=05162025_095135.288_H-43-689_OP.PREVIAS.pdf&pr02=application/pdf&pr03=7685,VERDADERO,,,
DAYTON,PAQUETE 2,43698,H-43-698 OP. FINALES,HOJA DE ESPECIFICACION OPERACIONES FINALES,http://rsx-sviis1/rms/frm_showfilepdf.ashx?pr01=05162025_095456.958_H-43-698_OP._FINALES.pdf&pr02=application/pdf&pr03=7686,VERDADERO,,,
DAYTON,PAQUETE 2,43698,H-43-698 OP. PREVIAS,HOJA DE ESPECIFICACION OPERACIONES PREVIAS,http://rsx-sviis1/rms/frm_showfilepdf.ashx?pr01=05162025_095734.724_H-43-698_OP._PREVIAS.pdf&pr02=application/pdf&pr03=7687,VERDADERO,,,
DAYTON,PAQUETE 2,43781HD,H-43-781HD OP. FINALES,HOJA DE ESPECIFICACION OPERACIONES FINALES,http://rsx-sviis1/rms/frm_showfilepdf.ashx?pr01=10102025_101552.300_H-43-781HD_OP._FINALES_10-09-25.pdf&pr02=application/pdf&pr03=8409,VERDADERO,,,
DAYTON,PAQUETE 2,43781HD,H-43-781HD OP. PREVIAS,HOJA DE ESPECIFICACION OPERACIONES PREVIAS,http://rsx-sviis1/rms/frm_showfilepdf.ashx?pr01=10102025_101740.972_H-43-781HD_OP._PREVIAS_10-09-25.pdf&pr02=application/pdf&pr03=8411,VERDADERO,,,
DAYTON,PAQUETE 2,43883,H-43-883 OP. FINALES,HOJA DE ESPECIFICACION OPERACIONES FINALES,http://rsx-sviis1/rms/frm_showfilepdf.ashx?pr01=05162025_100835.016_H-43-883_OP._FINALES.pdf&pr02=application/pdf&pr03=7690,VERDADERO,,,
DAYTON,PAQUETE 2,43883,H-43-883 OP.PREVIAS,HOJA DE ESPECIFICACION OPERACIONES PREVIAS,http://rsx-sviis1/rms/frm_showfilepdf.ashx?pr01=05162025_101140.749_H-43-883_OP.PREVIAS.pdf&pr02=application/pdf&pr03=7691,VERDADERO,,,
DAYTON,PAQUETE 2,431985,H-43-1985 OP.FINALES,HOJA DE ESPECIFICACION OPERACIONES FINALES,http://rsx-sviis1/rms/frm_showfilepdf.ashx?pr01=05162025_101449.015_H-43-1985_OP.FINALES.pdf&pr02=application/pdf&pr03=7692,VERDADERO,,,
DAYTON,PAQUETE 2,431985,H-43-1985 OP.PREVIAS,HOJA DE ESPECIFICACION OPERACIONES PREVIAS,http://rsx-sviis1/rms/frm_showfilepdf.ashx?pr01=05162025_101717.437_H-43-1985_OP.PREVIAS.pdf&pr02=application/pdf&pr03=7693,VERDADERO,,,
DAYTON,PAQUETE 2,461267,H-46-1267 OP. FINALES,HOJA DE ESPECIFICACION OPERACIONES FINALES,http://rsx-sviis1/rms/frm_showfilepdf.ashx?pr01=05162025_102012.029_H-46-1267_OP._FINALES.pdf&pr02=application/pdf&pr03=7699,VERDADERO,,,
DAYTON,PAQUETE 2,461267,H-46-1267 OP. PREVIAS,HOJA DE ESPECIFICACION OPERACIONES PREVIAS,http://rsx-sviis1/rms/frm_showfilepdf.ashx?pr01=05162025_102232.451_H-46-1267_OP._PREVIAS.pdf&pr02=application/pdf&pr03=7700,VERDADERO,,,
DAYTON,PAQUETE 3,551218Y,H-55-1218Y FINALES,HOJA DE ESPECIFICACION OPERACIONES FINALES,http://rsx-sviis1/rms/frm_showfilepdf.ashx?pr01=09042025_083431.417_H-55-1218-Y_OP._FINALES.pdf&pr02=application/pdf&pr03=8182,VERDADERO,,,
DAYTON,PAQUETE 3,551218Y,H-55-1218Y PREVIAS,HOJA DE ESPECIFICACION OPERACIONES PREVIAS,http://rsx-sviis1/rms/frm_showfilepdf.ashx?pr01=09042025_083851.653_H-55-1218-Y_OP._PREVIAS.pdf&pr02=application/pdf&pr03=8183,VERDADERO,,,
DAYTON,PAQUETE 3,59400Y,H-59-400Y OP. FINALES,HOJA DE ESPECIFICACION OPERACIONES FINALES,http://rsx-sviis1/rms/frm_showfilepdf.ashx?pr01=09042025_094353.820_H-59-400-Y_OP._FINALES.pdf&pr02=application/pdf&pr03=8184,VERDADERO,,,
DAYTON,PAQUETE 3,59400Y,H-59-400Y OP. PREVIAS,HOJA DE ESPECIFICACION OPERACIONES PREVIAS,http://rsx-sviis1/rms/frm_showfilepdf.ashx?pr01=09042025_094602.946_H-59-400-Y_OP._PREVIAS.pdf&pr02=application/pdf&pr03=8185,VERDADERO,,,
DAYTON,PAQUETE 3,59408Y,H-59-408Y OP.FINALES,HOJA DE ESPECIFICACION OPERACIONES FINALES,http://rsx-sviis1/rms/frm_showfilepdf.ashx?pr01=09042025_094732.305_H-59-408-Y_OP.FINALES.pdf&pr02=application/pdf&pr03=8186,VERDADERO,,,
DAYTON,PAQUETE 3,59408Y,H-59-408Y OP. PREVIAS,HOJA DE ESPECIFICACION OPERACIONES PREVIAS,http://rsx-sviis1/rms/frm_showfilepdf.ashx?pr01=09042025_094911.259_H-59-408-Y_OP._PREVIAS.pdf&pr02=application/pdf&pr03=8187,VERDADERO,,,
DAYTON,PAQUETE 3,59508Y,H-59-508Y OP. FINALES,HOJA DE ESPECIFICACION OPERACIONES FINALES,http://rsx-sviis1/rms/frm_showfilepdf.ashx?pr01=09042025_095647.808_H-59-508-Y_OP._FINALES.pdf&pr02=application/pdf&pr03=8189,VERDADERO,,,
DAYTON,PAQUETE 3,59508Y,H-59-508Y OP. PREVIAS,HOJA DE ESPECIFICACION OPERACIONES PREVIAS,http://rsx-sviis1/rms/frm_showfilepdf.ashx?pr01=09042025_095727.636_H-59-508-Y_OP._PREVIAS.pdf&pr02=application/pdf&pr03=8188,VERDADERO,,,
DAYTON,PAQUETE 3,75210Y,H-75-210-Y OP. FINALES,HOJA DE ESPECIFICACION OPERACIONES FINALES,http://rsx-sviis1/rms/frm_showfilepdf.ashx?pr01=09042025_100257.841_H-75-210-Y_OP._FINALES.pdf&pr02=application/pdf&pr03=8190,VERDADERO,,,
DAYTON,PAQUETE 3,75210Y,H-75-210-Y OP. PREVIAS,HOJA DE ESPECIFICACION OPERACIONES PREVIAS,http://rsx-sviis1/rms/frm_showfilepdf.ashx?pr01=09042025_100617.216_H-75-210-Y_OP._PREVIAS.pdf&pr02=application/pdf&pr03=8191,VERDADERO,,,
DAYTON,PAQUETE 3,83275,H-83-275 FINALES,HOJA DE ESPECIFICACION OPERACIONES FINALES,http://rsx-sviis1/rms/frm_showfilepdf.ashx?pr01=05262025_114154.393_H-83-275_FINALES_PROTOTIPO_0.pdf&pr02=application/pdf&pr03=7810,VERDADERO,,,
DAYTON,PAQUETE 3,83275,H-83-275 PREVIAS,HOJA DE ESPECIFICACION OPERACIONES PREVIAS,http://rsx-sviis1/rms/frm_showfilepdf.ashx?pr01=05262025_114342.503_H-83-275_PREVIAS_PROTOTIPO_0.pdf&pr02=application/pdf&pr03=7811,VERDADERO,,,
DAYTON,PAQUETE 3,902213,H-90-221-3,HOJA DE ESPECIFICACION COMPLETA,http://rsx-sviis1/rms/frm_showfilepdf.ashx?pr01=05262025_114624.549_H-90-221-3_PROTOTIPO-0.pdf&pr02=application/pdf&pr03=7812,VERDADERO,,,
DAYTON,PAQUETE 3,96101,H-96-101-Y OP. FINALES,HOJA DE ESPECIFICACION OPERACIONES FINALES,http://rsx-sviis1/rms/frm_showfilepdf.ashx?pr01=09042025_100959.873_H-96-101-Y_OP._FINALES.pdf&pr02=application/pdf&pr03=8192,VERDADERO,,,
DAYTON,PAQUETE 3,96101,H-96-101-Y OP. PREVIAS,HOJA DE ESPECIFICACION OPERACIONES PREVIAS,http://rsx-sviis1/rms/frm_showfilepdf.ashx?pr01=09042025_101432.485_H-96-101-Y_OP._PREVIAS.pdf&pr02=application/pdf&pr03=8193,VERDADERO,,,
DAYTON,PAQUETE 3,TRA011,H-TRA-011,HOJA DE ESPECIFICACION COMPLETA,http://rsx-sviis1/rms/frm_showfilepdf.ashx?pr01=05262025_115514.251_H-TRA-011_PROTOTIPO_0.pdf&pr02=application/pdf&pr03=7815,VERDADERO,,,
DAYTON,PAQUETE 3,TRA051,H-TRA-051,HOJA DE ESPECIFICACION COMPLETA,http://rsx-sviis1/rms/frm_showfilepdf.ashx?pr01=05262025_115704.282_H-TRA-051_PROTOTIPO_0_(18-mar-2025).pdf&pr02=application/pdf&pr03=7816,VERDADERO,,,
DAYTON,PAQUETE 4,431971XL,43-1971-XL,HOJA DE ESPECIFICACION COMPLETA,http://rsx-sviis1/rms/frm_showfilepdf.ashx?pr01=06092025_101035.539_43-1971-XL_PROTOTIPO-0_06-03-2025.pdf&pr02=application/pdf&pr03=7902,VERDADERO,,,
DAYTON,PAQUETE 4,22905,H-22-905 O. FINALES,HOJA DE ESPECIFICACION OPERACIONES FINALES,http://rsx-sviis1/rms/frm_showfilepdf.ashx?pr01=06092025_101339.430_H-22-905_O._FINALES_PROTOTIPO-1.pdf&pr02=application/pdf&pr03=7903,VERDADERO,,,
DAYTON,PAQUETE 4,22905,H-22-905 O. PREVIAS,HOJA DE ESPECIFICACION OPERACIONES PREVIAS,http://rsx-sviis1/rms/frm_showfilepdf.ashx?pr01=06092025_101700.383_H-22-905_O._PREVIAS_PROTOTIPO-0.pdf&pr02=application/pdf&pr03=7904,VERDADERO,,,
DAYTON,PAQUETE 4,43680Y,H-43-680-Y OP. FINALES,HOJA DE ESPECIFICACION OPERACIONES FINALES,http://rsx-sviis1/rms/frm_showfilepdf.ashx?pr01=09052025_081123.191_H-43-680-Y_OP._FINALES.pdf&pr02=application/pdf&pr03=8200,VERDADERO,,,
DAYTON,PAQUETE 4,43680Y,H-43-680-Y OP. PREVIAS,HOJA DE ESPECIFICACION OPERACIONES PREVIAS,http://rsx-sviis1/rms/frm_showfilepdf.ashx?pr01=09052025_081445.286_H-43-680-Y_OP._PREVIAS.pdf&pr02=application/pdf&pr03=8201,VERDADERO,,,
DAYTON,PAQUETE 4,431705HD,H-43-1705HD O. FINALES,HOJA DE ESPECIFICACION OPERACIONES FINALES,http://rsx-sviis1/rms/frm_showfilepdf.ashx?pr01=06092025_104913.683_H-43-1705HD_O._FINALES_PROTOTIPO-0.pdf&pr02=application/pdf&pr03=7907,VERDADERO,,,
DAYTON,PAQUETE 4,431705HD,H-43-1705HD O. PREVIAS,HOJA DE ESPECIFICACION OPERACIONES PREVIAS,http://rsx-sviis1/rms/frm_showfilepdf.ashx?pr01=11062025_092817.090_H-43-1705HD_OP._PREVIAS.pdf&pr02=application/pdf&pr03=8505,VERDADERO,,,
DAYTON,PAQUETE 4,461406Y,H-46-1406-Y OP. FINALES,HOJA DE ESPECIFICACION OPERACIONES FINALES,http://rsx-sviis1/rms/frm_showfilepdf.ashx?pr01=09052025_081846.708_H-46-1406-Y_OP._FINALES.pdf&pr02=application/pdf&pr03=8202,VERDADERO,,,
DAYTON,PAQUETE 4,461406Y,H-46-1406-Y OP. PREVIAS,HOJA DE ESPECIFICACION OPERACIONES PREVIAS,http://rsx-sviis1/rms/frm_showfilepdf.ashx?pr01=09052025_082100.990_H-46-1406-Y_OP._PREVIAS.pdf&pr02=application/pdf&pr03=8203,VERDADERO,,,
DAYTON,PAQUETE 4,461432Y,H-46-1432-Y OP. FINALES,HOJA DE ESPECIFICACION OPERACIONES FINALES,http://rsx-sviis1/rms/frm_showfilepdf.ashx?pr01=09052025_082433.475_H-46-1432-Y_OP._FINALES.pdf&pr02=application/pdf&pr03=8204,VERDADERO,,,
DAYTON,PAQUETE 4,461432Y,H-46-1432-Y OP. PREVIAS,HOJA DE ESPECIFICACION OPERACIONES PREVIAS,http://rsx-sviis1/rms/frm_showfilepdf.ashx?pr01=09052025_082649.523_H-46-1432-Y_OP._PREVIAS.pdf&pr02=application/pdf&pr03=8205,VERDADERO,,,
DAYTON,PAQUETE 4,55120Y,H-55-120-Y OP. FINALES,HOJA DE ESPECIFICACION OPERACIONES FINALES,http://rsx-sviis1/rms/frm_showfilepdf.ashx?pr01=09052025_083101.024_H-55-120-Y_OP._FINALES.pdf&pr02=application/pdf&pr03=8206,VERDADERO,,,
DAYTON,PAQUETE 4,55120Y,H-55-120-Y OP. PREVIAS,HOJA DE ESPECIFICACION OPERACIONES PREVIAS,http://rsx-sviis1/rms/frm_showfilepdf.ashx?pr01=09052025_083414.899_H-55-120-Y_OP._PREVIAS.pdf&pr02=application/pdf&pr03=8207,VERDADERO,,,
DAYTON,PAQUETE 4,59450Y,H-59-450-Y OP. FINALES,HOJA DE ESPECIFICACION OPERACIONES FINALES,http://rsx-sviis1/rms/frm_showfilepdf.ashx?pr01=09052025_083647.884_H-59-450-Y_OP._FINALES.pdf&pr02=application/pdf&pr03=8208,VERDADERO,,,
DAYTON,PAQUETE 4,59450Y,H-59-450-Y OP. PREVIAS,HOJA DE ESPECIFICACION OPERACIONES PREVIAS,http://rsx-sviis1/rms/frm_showfilepdf.ashx?pr01=09052025_083937.010_H-59-450-Y_OP._PREVIAS.pdf&pr02=application/pdf&pr03=8209,VERDADERO,,,
DAYTON,PAQUETE 4,50506Y,H-59-506-Y OP. FINALES,HOJA DE ESPECIFICACION OPERACIONES FINALES,http://rsx-sviis1/rms/frm_showfilepdf.ashx?pr01=09052025_084231.995_H-59-506-Y_OP._FINALES.pdf&pr02=application/pdf&pr03=8210,VERDADERO,,,
DAYTON,PAQUETE 4,50506Y,H-59-506-Y OP. PREVIAS,HOJA DE ESPECIFICACION OPERACIONES PREVIAS,http://rsx-sviis1/rms/frm_showfilepdf.ashx?pr01=09052025_084417.605_H-59-506-Y_OP._PREVIAS.pdf&pr02=application/pdf&pr03=8211,VERDADERO,,,
DAYTON,PAQUETE 4,83299Y,H-83-299-Y,HOJA DE ESPECIFICACION COMPLETA,http://rsx-sviis1/rms/frm_showfilepdf.ashx?pr01=09052025_084657.918_H-83-299-Y.pdf&pr02=application/pdf&pr03=8212,VERDADERO,,,
DAYTON,PAQUETE 5,21245,H-21-245 OP. FINALES,HOJA DE ESPECIFICACION OPERACIONES FINALES,http://rsx-sviis1/rms/frm_showfilepdf.ashx?pr01=06092025_112056.942_H-21-245_OP._FINALES_PROTOTIPO-0.pdf&pr02=application/pdf&pr03=7910,VERDADERO,,,
DAYTON,PAQUETE 5,21245,H-21-245 OP. PREVIAS,HOJA DE ESPECIFICACION OPERACIONES PREVIAS,http://rsx-sviis1/rms/frm_showfilepdf.ashx?pr01=06092025_112239.896_H-21-245_OP._PREVIAS_PROTOTIPO-0.pdf&pr02=application/pdf&pr03=7911,VERDADERO,,,
DAYTON,PAQUETE 5,22793,H-22-793,HOJA DE ESPECIFICACION COMPLETA,http://rsx-sviis1/rms/frm_showfilepdf.ashx?pr01=06092025_112440.068_H-22-793_PROTOTIPOS-00.pdf&pr02=application/pdf&pr03=7912,VERDADERO,,,
DAYTON,PAQUETE 5,22795,H-22-795,HOJA DE ESPECIFICACION COMPLETA,http://rsx-sviis1/rms/frm_showfilepdf.ashx?pr01=06092025_112621.130_H-22-795___1_PROTOTIPOS-0.pdf&pr02=application/pdf&pr03=7913,VERDADERO,,,
DAYTON,PAQUETE 5,43516,H-43-516 FINALES,HOJA DE ESPECIFICACION OPERACIONES FINALES,http://rsx-sviis1/rms/frm_showfilepdf.ashx?pr01=06092025_112855.677_H-43-516_FINALES.pdf&pr02=application/pdf&pr03=7914,VERDADERO,,,
DAYTON,PAQUETE 5,43516,H-43-516 PREVIAS,HOJA DE ESPECIFICACION OPERACIONES PREVIAS,http://rsx-sviis1/rms/frm_showfilepdf.ashx?pr01=06092025_113038.803_H-43-516_PREVIAS.pdf&pr02=application/pdf&pr03=7915,VERDADERO,,,
DAYTON,PAQUETE 5,431289HD,H-43-1289HD,HOJA DE ESPECIFICACION COMPLETA,http://rsx-sviis1/rms/frm_showfilepdf.ashx?pr01=06092025_113236.131_H-43-1289HD_PROTOTIPO-0.pdf&pr02=application/pdf&pr03=7916,VERDADERO,,,
DAYTON,PAQUETE 5,431747HD,H-43-1747HD OP. FINALES,HOJA DE ESPECIFICACION OPERACIONES FINALES,http://rsx-sviis1/rms/frm_showfilepdf.ashx?pr01=06092025_113447.179_H-43-1747HD_OP._FINALES_PROTOTIPO-0.pdf&pr02=application/pdf&pr03=7917,VERDADERO,,,
DAYTON,PAQUETE 5,431747HD,H-43-1747HD OP. PREVIAS,HOJA DE ESPECIFICACION OPERACIONES PREVIAS,http://rsx-sviis1/rms/frm_showfilepdf.ashx?pr01=06092025_113651.666_H-43-1747HD_OP._PREVIAS_PROTOTIPO-0.pdf&pr02=application/pdf&pr03=7918,VERDADERO,,,
DAYTON,PAQUETE 5,4613191Y,H-46-1319-1-Y,HOJA DE ESPECIFICACION COMPLETA,http://rsx-sviis1/rms/frm_showfilepdf.ashx?pr01=09042025_115518.635_H-46-1319-1-Y.pdf&pr02=application/pdf&pr03=8196,VERDADERO,,,
DAYTON,PAQUETE 5,4613192Y,H-46-1319-2-Y,HOJA DE ESPECIFICACION COMPLETA,http://rsx-sviis1/rms/frm_showfilepdf.ashx?pr01=09042025_115738.323_H-46-1319-2-Y.pdf&pr02=application/pdf&pr03=8197,VERDADERO,,,
DAYTON,PAQUETE 5,461464,H-46-1464-Y OP. FINALES,HOJA DE ESPECIFICACION OPERACIONES FINALES,http://rsx-sviis1/rms/frm_showfilepdf.ashx?pr01=09042025_120017.011_H-46-1464-Y_OP._FINALES.pdf&pr02=application/pdf&pr03=8198,VERDADERO,,,
DAYTON,PAQUETE 5,461464,H-46-1464-Y OP. PREVIAS,HOJA DE ESPECIFICACION OPERACIONES PREVIAS,http://rsx-sviis1/rms/frm_showfilepdf.ashx?pr01=09042025_120230.449_H-46-1464-Y_OP._PREVIAS.pdf&pr02=application/pdf&pr03=8199,VERDADERO,,,
DAYTON,PAQUETE 6,46122Y,H-46-122-Y OP. FINALES,HOJA DE ESPECIFICACION OPERACIONES FINALES,http://rsx-sviis1/rms/frm_showfilepdf.ashx?pr01=09042025_103522.957_H-46-122-Y_OP._FINALES_PROTOTIPO-0.pdf&pr02=application/pdf&pr03=8194,VERDADERO,,,
DAYTON,PAQUETE 6,46122Y,H-46-122-Y OP. PREVIAS,HOJA DE ESPECIFICACION OPERACIONES PREVIAS,http://rsx-sviis1/rms/frm_showfilepdf.ashx?pr01=09042025_103737.428_H-46-122-Y_OP._PREVIAS_PROTOTIPO-0.pdf&pr02=application/pdf&pr03=8195,VERDADERO,,,
DAYTON,PAQUETE 7,22553,H-22-553 OP. FINALES,HOJA DE ESPECIFICACION OPERACIONES FINALES,http://rsx-sviis1/rms/frm_showfilepdf.ashx?pr01=07232025_094630.968_H-22-553_OP._FINALES.pdf&pr02=application/pdf&pr03=8050,VERDADERO,,,
DAYTON,PAQUETE 7,22553,H-22-553 OP. PREVIAS,HOJA DE ESPECIFICACION OPERACIONES PREVIAS,http://rsx-sviis1/rms/frm_showfilepdf.ashx?pr01=07232025_094553.109_H-22-553_OP._PREVIAS.pdf&pr02=application/pdf&pr03=8051,VERDADERO,,,
DAYTON,PAQUETE 7,221611HD,H-22-1611HD OP. FINALES,HOJA DE ESPECIFICACION OPERACIONES FINALES,http://rsx-sviis1/rms/frm_showfilepdf.ashx?pr01=07312025_101445.257_H-22-1611HD_OP._FINALES_(30-julio-2025).pdf&pr02=application/pdf&pr03=8164,VERDADERO,,,
DAYTON,PAQUETE 7,221611HD,H-22-1611HD OP. PREVIAS,HOJA DE ESPECIFICACION OPERACIONES PREVIAS,http://rsx-sviis1/rms/frm_showfilepdf.ashx?pr01=07312025_101631.180_H-22-1611HD_OP._PREVIAS.pdf&pr02=application/pdf&pr03=8166,VERDADERO,,,
DAYTON,PAQUETE 7,221781,H-22-1781 OP. FINALES,HOJA DE ESPECIFICACION OPERACIONES FINALES,http://rsx-sviis1/rms/frm_showfilepdf.ashx?pr01=07232025_095313.110_H-22-1781_OP._FINALES.pdf&pr02=application/pdf&pr03=8054,VERDADERO,,,
DAYTON,PAQUETE 7,221781,H-22-1781 OP. PREVIAS,HOJA DE ESPECIFICACION OPERACIONES PREVIAS,http://rsx-sviis1/rms/frm_showfilepdf.ashx?pr01=07232025_095507.939_H-22-1781_OP._PREVIAS.pdf&pr02=application/pdf&pr03=8055,VERDADERO,,,
DAYTON,PAQUETE 7,221849HD,H-22-1849HD OP. FINALES,HOJA DE ESPECIFICACION OPERACIONES FINALES,http://rsx-sviis1/rms/frm_showfilepdf.ashx?pr01=06022025_082046.994_H-22-1849HD_OP._FINALES.pdf&pr02=application/pdf&pr03=7869,VERDADERO,,,
DAYTON,PAQUETE 7,221849HD,H-22-1849HD OP. PREVIAS,HOJA DE ESPECIFICACION OPERACIONES PREVIAS,http://rsx-sviis1/rms/frm_showfilepdf.ashx?pr01=06022025_082513.064_H-22-1849HD_OP._PREVIAS.pdf&pr02=application/pdf&pr03=7870,VERDADERO,,,
DAYTON,PAQUETE 7,34173,H-34-173 OP. FINALES,HOJA DE ESPECIFICACION OPERACIONES FINALES,http://rsx-sviis1/rms/frm_showfilepdf.ashx?pr01=06022025_083041.684_H-34-173_OP._FINALES.pdf&pr02=application/pdf&pr03=7871,VERDADERO,,,
DAYTON,PAQUETE 7,34173,H-34-173 OP. PREVIAS,HOJA DE ESPECIFICACION OPERACIONES PREVIAS,http://rsx-sviis1/rms/frm_showfilepdf.ashx?pr01=06022025_083255.204_H-34-173_OP._PREVIAS.pdf&pr02=application/pdf&pr03=7872,VERDADERO,,,
DAYTON,PAQUETE 7,43591,H-43-591 OP. FINALES,HOJA DE ESPECIFICACION OPERACIONES FINALES,http://rsx-sviis1/rms/frm_showfilepdf.ashx?pr01=07232025_100116.379_H-43-591_OP._FINALES_10-07-25.pdf&pr02=application/pdf&pr03=8056,VERDADERO,,,
DAYTON,PAQUETE 7,43591,H-43-591 OP. PREVIAS,HOJA DE ESPECIFICACION OPERACIONES PREVIAS,http://rsx-sviis1/rms/frm_showfilepdf.ashx?pr01=07232025_100311.380_H-43-591_OP._PREVIAS.pdf&pr02=application/pdf&pr03=8057,VERDADERO,,,
DAYTON,PAQUETE 7,43721HD,H-43-721HD OP. FINALES,HOJA DE ESPECIFICACION OPERACIONES FINALES,http://rsx-sviis1/rms/frm_showfilepdf.ashx?pr01=07232025_100911.228_H-43-721HD_OP._FINALES_14-07-25.pdf&pr02=application/pdf&pr03=8059,VERDADERO,,,
DAYTON,PAQUETE 7,43721HD,H-43-721HD OP. PREVIAS,HOJA DE ESPECIFICACION OPERACIONES PREVIAS,http://rsx-sviis1/rms/frm_showfilepdf.ashx?pr01=07232025_100625.743_H-43-721HD_OP._PREVIAS.pdf&pr02=application/pdf&pr03=8058,VERDADERO,,,
DAYTON,PAQUETE 7,43781Y,H-43-781-Y OP. FINALES,HOJA DE ESPECIFICACION OPERACIONES FINALES,http://rsx-sviis1/rms/frm_showfilepdf.ashx?pr01=07232025_101134.885_H-43-781-Y_OP._FINALES_10-07-25.pdf&pr02=application/pdf&pr03=8060,VERDADERO,,,
DAYTON,PAQUETE 7,43781Y,H-43-781-Y OP. PREVIAS,HOJA DE ESPECIFICACION OPERACIONES PREVIAS,http://rsx-sviis1/rms/frm_showfilepdf.ashx?pr01=07232025_101324.354_H-43-781-Y_OP._PREVIAS.pdf&pr02=application/pdf&pr03=8061,VERDADERO,,,
DAYTON,PAQUETE 7,43863,H-43-863 OP. FINALES,HOJA DE ESPECIFICACION OPERACIONES FINALES,http://rsx-sviis1/rms/frm_showfilepdf.ashx?pr01=06022025_083636.509_H-43-863_OP._FINALES.pdf&pr02=application/pdf&pr03=7873,VERDADERO,,,
DAYTON,PAQUETE 7,43863,H-43-863 OP. PREVIAS,HOJA DE ESPECIFICACION OPERACIONES PREVIAS,http://rsx-sviis1/rms/frm_showfilepdf.ashx?pr01=06022025_083845.840_H-43-863_OP._PREVIAS.pdf&pr02=application/pdf&pr03=7874,VERDADERO,,,
DAYTON,PAQUETE 7,43967,H-43-967 OP. FINALES,HOJA DE ESPECIFICACION OPERACIONES FINALES,http://rsx-sviis1/rms/frm_showfilepdf.ashx?pr01=07232025_101844.356_H-43-967_OP._FINALES.pdf&pr02=application/pdf&pr03=8062,VERDADERO,,,
DAYTON,PAQUETE 7,43967,H-43-967 OP. PREVIAS,HOJA DE ESPECIFICACION OPERACIONES PREVIAS,http://rsx-sviis1/rms/frm_showfilepdf.ashx?pr01=07232025_102040.013_H-43-967_OP._PREVIAS.pdf&pr02=application/pdf&pr03=8063,VERDADERO,,,
DAYTON,PAQUETE 7,431231,H-43-1231 OP. FINALES,HOJA DE ESPECIFICACION OPERACIONES FINALES,http://rsx-sviis1/rms/frm_showfilepdf.ashx?pr01=07232025_102307.046_H-43-1231_OP._FINALES.pdf&pr02=application/pdf&pr03=8064,VERDADERO,,,
DAYTON,PAQUETE 7,431231,H-43-1231 OP. PREVIAS,HOJA DE ESPECIFICACION OPERACIONES PREVIAS,http://rsx-sviis1/rms/frm_showfilepdf.ashx?pr01=07232025_102446.921_H-43-1231_OP._PREVIAS.pdf&pr02=application/pdf&pr03=8065,VERDADERO,,,
DAYTON,PAQUETE 7,431983,H-43-1983 OP. FINALES,HOJA DE ESPECIFICACION OPERACIONES FINALES,http://rsx-sviis1/rms/frm_showfilepdf.ashx?pr01=07232025_102703.640_H-43-1983_OP._FINALES.pdf&pr02=application/pdf&pr03=8066,VERDADERO,,,
DAYTON,PAQUETE 7,431983,H-43-1983 OP. PREVIAS,HOJA DE ESPECIFICACION OPERACIONES PREVIAS,http://rsx-sviis1/rms/frm_showfilepdf.ashx?pr01=07232025_102849.548_H-43-1983_OP._PREVIAS.pdf&pr02=application/pdf&pr03=8067,VERDADERO,,,
DAYTON,PAQUETE 7,461359,H-46-1359,HOJA DE ESPECIFICACION COMPLETA,http://rsx-sviis1/rms/frm_showfilepdf.ashx?pr01=06022025_090035.573_H-46-1359.pdf&pr02=application/pdf&pr03=7875,VERDADERO,,,
DAYTON,PAQUETE 7,621136,H-62-1136 OP. FINALES,HOJA DE ESPECIFICACION OPERACIONES FINALES,http://rsx-sviis1/rms/frm_showfilepdf.ashx?pr01=06032025_092710.773_H-62-1136_OP._FINALES.pdf&pr02=application/pdf&pr03=7878,VERDADERO,,,
DAYTON,PAQUETE 7,621136,H-62-1136 OP. PREVIAS,HOJA DE ESPECIFICACION OPERACIONES PREVIAS,http://rsx-sviis1/rms/frm_showfilepdf.ashx?pr01=06032025_092611.867_H-62-1136_OP._PREVIAS.pdf&pr02=application/pdf&pr03=7879,VERDADERO,,,
DAYTON,PAQUETE 7,US3089,H-US-3089,HOJA DE ESPECIFICACION COMPLETA,http://rsx-sviis1/rms/frm_showfilepdf.ashx?pr01=07232025_103150.268_H-US-3089.pdf&pr02=application/pdf&pr03=8068,VERDADERO,,,
DAYTON,PAQUETE 7,431185Y,H-43-1185-Y OP. FINALES,HOJA DE ESPECIFICACION OPERACIONES FINALES,http://rsx-sviis1/rms/frm_showfilepdf.ashx?pr01=07312025_094059.929_H-43-1185-Y_OP._FINALES.pdf&pr02=application/pdf&pr03=8148,VERDADERO,,,
DAYTON,PAQUETE 7,431185Y,H-43-1185-Y OP. PREVIAS,HOJA DE ESPECIFICACION OPERACIONES PREVIAS,http://rsx-sviis1/rms/frm_showfilepdf.ashx?pr01=07312025_094141.023_H-43-1185-Y_OP._PREVIAS.pdf&pr02=application/pdf&pr03=8146,VERDADERO,,,
DAYTON,PAQUETE 7,432185,H-43-2185 OP. FINALES,HOJA DE ESPECIFICACION OPERACIONES FINALES,http://rsx-sviis1/rms/frm_showfilepdf.ashx?pr01=09242025_082530.221_H-43-2185_OP._FINALES.pdf&pr02=application/pdf&pr03=8152,VERDADERO,,,
DAYTON,PAQUETE 7,432185,H-43-2185 OP. PREVIAS,HOJA DE ESPECIFICACION OPERACIONES PREVIAS,http://rsx-sviis1/rms/frm_showfilepdf.ashx?pr01=09242025_082606.237_H-43-2185_OP._PREVIAS.pdf&pr02=application/pdf&pr03=8380,VERDADERO,,,
DAYTON,PAQUETE 7,431155,H-43-1155 OP. FINALES,HOJA DE ESPECIFICACION OPERACIONES FINALES,http://rsx-sviis1/rms/frm_showfilepdf.ashx?pr01=07312025_095213.215_H-43-1155_OP._FINALES.pdf&pr02=application/pdf&pr03=8154,VERDADERO,,,
DAYTON,PAQUETE 7,431155,H-43-1155 OP. PREVIAS,HOJA DE ESPECIFICACION OPERACIONES PREVIAS,http://rsx-sviis1/rms/frm_showfilepdf.ashx?pr01=07312025_095433.138_H-43-1155_OP._PREVIAS.pdf&pr02=application/pdf&pr03=8156,VERDADERO,,,
DAYTON,PAQUETE 7,14151,H-14-151 OP. FINALES,HOJA DE ESPECIFICACION OPERACIONES FINALES,http://rsx-sviis1/rms/frm_showfilepdf.ashx?pr01=07312025_111419.807_H-14-151_OP._FINALES.pdf&pr02=application/pdf&pr03=8174,VERDADERO,,,
DAYTON,PAQUETE 7,14151,H-14-151 OP. PREVIAS,HOJA DE ESPECIFICACION OPERACIONES PREVIAS,http://rsx-sviis1/rms/frm_showfilepdf.ashx?pr01=07312025_111601.480_H-14-151_OP._PREVIAS.pdf&pr02=application/pdf&pr03=8175,VERDADERO,,,
DAYTON,PAQUETE 8,221649XHD,H-22-1649XHD OP. FINALES,HOJA DE ESPECIFICACION OPERACIONES FINALES,http://rsx-sviis1/rms/frm_showfilepdf.ashx?pr01=11052025_123143.360_H-22-1649XHD_OP._FINALES.pdf&pr02=application/pdf&pr03=8503,VERDADERO,,,
DAYTON,PAQUETE 8,221649XHD,H-22-1649XHD OP. PREVIAS,HOJA DE ESPECIFICACION OPERACIONES PREVIAS,http://rsx-sviis1/rms/frm_showfilepdf.ashx?pr01=09052025_104856.510_H-22-1649XHD_OP._PREVIAS.pdf&pr02=application/pdf&pr03=8218,VERDADERO,,,
DAYTON,PAQUETE 8,341709HD,H-34-1709HD OP. FINALES,HOJA DE ESPECIFICACION OPERACIONES FINALES,http://rsx-sviis1/rms/frm_showfilepdf.ashx?pr01=09052025_105118.573_H-34-1709HD_OP._FINALES.pdf&pr02=application/pdf&pr03=8219,VERDADERO,,,
DAYTON,PAQUETE 8,341709HD,H-34-1709HD OP. PREVIAS,HOJA DE ESPECIFICACION OPERACIONES PREVIAS,http://rsx-sviis1/rms/frm_showfilepdf.ashx?pr01=09052025_105353.496_H-34-1709HD_OP._PREVIAS.pdf&pr02=application/pdf&pr03=8220,VERDADERO,,,
DAYTON,PAQUETE 8,431199Y,H-43-1199-Y OP. FINALES,HOJA DE ESPECIFICACION OPERACIONES FINALES,http://rsx-sviis1/rms/frm_showfilepdf.ashx?pr01=09052025_105526.074_H-43-1199-Y_OP._FINALES.pdf&pr02=application/pdf&pr03=8221,VERDADERO,,,
DAYTON,PAQUETE 8,431199Y,H-43-1199-Y OP. PREVIAS,HOJA DE ESPECIFICACION OPERACIONES PREVIAS,http://rsx-sviis1/rms/frm_showfilepdf.ashx?pr01=09052025_105707.137_H-43-1199-Y_OP._PREVIAS.pdf&pr02=application/pdf&pr03=8222,VERDADERO,,,
DAYTON,PAQUETE 8,431261,H-43-1261 OP. FINALES,HOJA DE ESPECIFICACION OPERACIONES FINALES,http://rsx-sviis1/rms/frm_showfilepdf.ashx?pr01=10282025_095002.293_H-43-1261_OP._FINALES.pdf&pr02=application/pdf&pr03=8459,VERDADERO,,,
DAYTON,PAQUETE 8,431261,H-43-1261 OP. PREVIAS,HOJA DE ESPECIFICACION OPERACIONES PREVIAS,http://rsx-sviis1/rms/frm_showfilepdf.ashx?pr01=09052025_110048.436_H-43-1261_OP._PREVIAS.pdf&pr02=application/pdf&pr03=8224,VERDADERO,,,
DAYTON,PAQUETE 8,431339HD,H-43-1339HD OP. FINALES,HOJA DE ESPECIFICACION OPERACIONES FINALES,http://rsx-sviis1/rms/frm_showfilepdf.ashx?pr01=10282025_095246.309_H-43-1339HD_OP._FINALES.pdf&pr02=application/pdf&pr03=8461,VERDADERO,,,
DAYTON,PAQUETE 8,431339HD,H-43-1339HD OP. PREVIAS,HOJA DE ESPECIFICACION OPERACIONES PREVIAS,http://rsx-sviis1/rms/frm_showfilepdf.ashx?pr01=09052025_110445.827_H-43-1339HD_OP._PREVIAS.pdf&pr02=application/pdf&pr03=8226,VERDADERO,,,
DAYTON,PAQUETE 8,431503HD,H-43-1503HD OP. FINALES,HOJA DE ESPECIFICACION OPERACIONES FINALES,http://rsx-sviis1/rms/frm_showfilepdf.ashx?pr01=09052025_110732.828_H-43-1503HD_OP._FINALES.pdf&pr02=application/pdf&pr03=8227,VERDADERO,,,
DAYTON,PAQUETE 8,431503HD,H-43-1503HD OP. PREVIAS,HOJA DE ESPECIFICACION OPERACIONES PREVIAS,http://rsx-sviis1/rms/frm_showfilepdf.ashx?pr01=09052025_110941.735_H-43-1503HD_OP._PREVIAS.pdf&pr02=application/pdf&pr03=8228,VERDADERO,,,
DAYTON,PAQUETE 8,431699HD,H-43-1699HD OP. FINALES,HOJA DE ESPECIFICACION OPERACIONES FINALES,http://rsx-sviis1/rms/frm_showfilepdf.ashx?pr01=09052025_111156.532_H-43-1699HD_OP._FINALES.pdf&pr02=application/pdf&pr03=8229,VERDADERO,,,
DAYTON,PAQUETE 8,431699HD,H-43-1699HD OP. PREVIAS,HOJA DE ESPECIFICACION OPERACIONES PREVIAS,http://rsx-sviis1/rms/frm_showfilepdf.ashx?pr01=09052025_111331.563_H-43-1699HD_OP._PREVIAS.pdf&pr02=application/pdf&pr03=8230,VERDADERO,,,
DAYTON,PAQUETE 8,432069,H-43-2069 OP. FINALES,HOJA DE ESPECIFICACION OPERACIONES FINALES,http://rsx-sviis1/rms/frm_showfilepdf.ashx?pr01=09052025_111521.846_H-43-2069_OP._FINALES.pdf&pr02=application/pdf&pr03=8231,VERDADERO,,,
DAYTON,PAQUETE 8,432069,H-43-2069 OP. PREVIAS,HOJA DE ESPECIFICACION OPERACIONES PREVIAS,http://rsx-sviis1/rms/frm_showfilepdf.ashx?pr01=09052025_111700.753_H-43-2069_OP._PREVIAS.pdf&pr02=application/pdf&pr03=8232,VERDADERO,,,
DAYTON,PAQUETE 8,432069HD,H-43-2069HD OP. FINALES,HOJA DE ESPECIFICACION OPERACIONES FINALES,http://rsx-sviis1/rms/frm_showfilepdf.ashx?pr01=10282025_095954.508_H-43-2069HD_OP._FINALES.pdf&pr02=application/pdf&pr03=8463,VERDADERO,,,
DAYTON,PAQUETE 8,432069HD,H-43-2069HD OP. PREVIAS,HOJA DE ESPECIFICACION OPERACIONES PREVIAS,http://rsx-sviis1/rms/frm_showfilepdf.ashx?pr01=09052025_112121.004_H-43-2069HD_OP._PREVIAS.pdf&pr02=application/pdf&pr03=8234,VERDADERO,,,
DAYTON,PAQUETE 8,432109,H-43-2109 OP. FINALES,HOJA DE ESPECIFICACION OPERACIONES FINALES,http://rsx-sviis1/rms/frm_showfilepdf.ashx?pr01=10102025_102805.631_H-43-2109_OP._FINALES.pdf&pr02=application/pdf&pr03=8415,VERDADERO,,,
DAYTON,PAQUETE 8,432109,H-43-2109 OP. PREVIAS,HOJA DE ESPECIFICACION OPERACIONES PREVIAS,http://rsx-sviis1/rms/frm_showfilepdf.ashx?pr01=10102025_102511.817_H-43-2109_OP._PREVIAS.pdf&pr02=application/pdf&pr03=8413,VERDADERO,,,
AFTER MARKET,,461319,H-46-1319,HOJA DE ESPECIFICACION COMPLETA,http://rsx-sviis1/rms/frm_showfilepdf.ashx?pr01=09092025_083608.589_H-46-1319_(26-Jun-2025).pdf&pr02=application/pdf&pr03=8251,VERDADERO,,,
AFTER MARKET,,59594A,H-59-594-A O.FINALES,HOJA DE ESPECIFICACION OPERACIONES FINALES,http://rsx-sviis1/rms/frm_showfilepdf.ashx?pr01=09082025_113405.124_H-59-594-A_OP._FINALES_03-09-25.pdf&pr02=application/pdf&pr03=8250,VERDADERO,,,
AFTER MARKET,,59594A,H-59-594-A O.PREVIAS,HOJA DE ESPECIFICACION OPERACIONES PREVIAS,http://rsx-sviis1/rms/frm_showfilepdf.ashx?pr01=09082025_113456.734_H-59-594-A_OP._PREVIAS_03-09-25.pdf&pr02=application/pdf&pr03=8248,VERDADERO,,,
AFTER MARKET,,801806M,H-80-180-GM,HOJA DE ESPECIFICACION COMPLETA,http://rsx-sviis1/rms/frm_showfilepdf.ashx?pr01=09092025_091825.707_H-80-180-GM.pdf&pr02=application/pdf&pr03=8252,VERDADERO,,,
DINA,LINEA,20120413C,H-20120413-C FINALES,HOJA DE ESPECIFICACION OPERACIONES FINALES,http://rsx-sviis1/rms/frm_showfilepdf.ashx?pr01=08012025_120221.948_H-20120413-C_FINALES.pdf&pr02=application/pdf&pr03=8176,VERDADERO,,,
DINA,LINEA,20120413C,H-20120413-C PREVIAS,HOJA DE ESPECIFICACION OPERACIONES PREVIAS,http://rsx-sviis1/rms/frm_showfilepdf.ashx?pr01=08012025_120412.136_H-20120413-C_PREVIAS.pdf&pr02=application/pdf&pr03=8177,VERDADERO,,,
DINA,LINEA,20120414D,H-20120414-D,HOJA DE ESPECIFICACION COMPLETA,http://rsx-sviis1/rms/frm_showfilepdf.ashx?pr01=09092025_100117.513_H-20120414-D_(04-JUNIO-2025).pdf&pr02=application/pdf&pr03=8253,VERDADERO,,,
DINA,LINEA,20121898A,H-20121898-A,HOJA DE ESPECIFICACION COMPLETA,http://rsx-sviis1/rms/frm_showfilepdf.ashx?pr01=09092025_112746.173_H-20121898-A.pdf&pr02=application/pdf&pr03=8254,VERDADERO,,,
DINA,LINEA,20128715A,H-20128715-A,HOJA DE ESPECIFICACION COMPLETA,http://rsx-sviis1/rms/frm_showfilepdf.ashx?pr01=09092025_113134.002_H-20128715-A.pdf&pr02=application/pdf&pr03=8255,VERDADERO,,,
DINA,LINEA,640C030070,H-640C030070,HOJA DE ESPECIFICACION COMPLETA,http://rsx-sviis1/rms/frm_showfilepdf.ashx?pr01=09092025_114113.989_H-640C030070.pdf&pr02=application/pdf&pr03=8256,VERDADERO,,,
DINA,LINEA,640C030210,H-640C030210,HOJA DE ESPECIFICACION COMPLETA,http://rsx-sviis1/rms/frm_showfilepdf.ashx?pr01=09092025_114509.537_H-640C030210.pdf&pr02=application/pdf&pr03=8257,VERDADERO,,,
DINA,LINEA,640C030230,H-640C030230,HOJA DE ESPECIFICACION COMPLETA,http://rsx-sviis1/rms/frm_showfilepdf.ashx?pr01=09092025_114859.460_H-640C030230.pdf&pr02=application/pdf&pr03=8258,VERDADERO,,,
DINA,LINEA,640C030270,H-640C030270,HOJA DE ESPECIFICACION COMPLETA,http://rsx-sviis1/rms/frm_showfilepdf.ashx?pr01=09092025_115044.460_H-640C030270.pdf&pr02=application/pdf&pr03=8259,VERDADERO,,,
DINA,LINEA,20107219B,H-20107219-B,HOJA DE ESPECIFICACION COMPLETA,http://rsx-sviis1/rms/frm_showfilepdf.ashx?pr01=09092025_115231.429_H-20107219-B.pdf&pr02=application/pdf&pr03=8261,VERDADERO,,,
DINA,PROTOTIPOS,640C03012A,H-640C03012-A,HOJA DE ESPECIFICACION COMPLETA,http://rsx-sviis1/rms/frm_showfilepdf.ashx?pr01=09122025_093432.804_H-640C03012-A.pdf&pr02=application/pdf&pr03=8262,VERDADERO,,,
DINA,PROTOTIPOS,20179561,H-20179561,HOJA DE ESPECIFICACION COMPLETA,http://rsx-sviis1/rms/frm_showfilepdf.ashx?pr01=09122025_093740.165_H-20179561.pdf&pr02=application/pdf&pr03=8263,VERDADERO,,,
DINA,PROTOTIPOS,20179562,H-20179562,HOJA DE ESPECIFICACION COMPLETA,http://rsx-sviis1/rms/frm_showfilepdf.ashx?pr01=09122025_094556.386_H-20179562.pdf&pr02=application/pdf&pr03=8264,VERDADERO,,,
DINA,PROTOTIPOS,20187160,H-20187160,HOJA DE ESPECIFICACION COMPLETA,http://rsx-sviis1/rms/frm_showfilepdf.ashx?pr01=09122025_095618.747_H-20187160.pdf&pr02=application/pdf&pr03=8265,VERDADERO,,,
DINA,PROTOTIPOS,20195484,PROTOTIPO_H-20195484,HOJA DE ESPECIFICACION COMPLETA,http://rsx-sviis1/rms/frm_showfilepdf.ashx?pr01=09122025_104422.632_PROTOTIPO_H-20195484.pdf&pr02=application/pdf&pr03=8266,VERDADERO,,,
DINA,PROTOTIPOS,20195485,PROTOTIPO_H-20195485,HOJA DE ESPECIFICACION COMPLETA,http://rsx-sviis1/rms/frm_showfilepdf.ashx?pr01=09122025_104611.773_PROTOTIPO_H-20195485.pdf&pr02=application/pdf&pr03=8267,VERDADERO,,,
AFTER MARKET,,551238,H-55-1238,HOJA DE ESPECIFICACION COMPLETA,http://rsx-sviis1/rms/frm_showfilepdf.ashx?pr01=09172025_110655.288_H-55-1238_10-09-2025.pdf&pr02=application/pdf&pr03=8272,VERDADERO,,,
AFTER MARKET,,"13C241, 13C301, 13C301A, 13C381, 33C481B, 80141",RX-PD-HRN-01-A,HOJA DE ESPECIFICACION COMPLETA,http://rsx-sviis1/rms/frm_showfilepdf.ashx?pr01=09252025_100316.690_RX-PD-HRN-01-A.pdf&pr02=application/pdf&pr03=8382,VERDADERO,,,
AFTER MARKET,,TRX198A2,RX-PD-HRN-34-A,HOJA DE ESPECIFICACION COMPLETA,http://rsx-sviis1/rms/frm_showfilepdf.ashx?pr01=09172025_111513.211_RX-PD-HRN-34-A.pdf&pr02=application/pdf&pr03=8273,VERDADERO,,,
REYCO,,71243401,H-712434-01,HOJA DE ESPECIFICACION COMPLETA,PENDIENTE,FALSO,,,
REYCO,,71460601,H-714606-01,HOJA DE ESPECIFICACION COMPLETA,PENDIENTE,FALSO,,,
DAYTON,PAQUETE 8,431157Y,H-43-1157-Y OP. FINALES,HOJA DE ESPECIFICACION OPERACIONES FINALES,http://rsx-sviis1/rms/frm_showfilepdf.ashx?pr01=09192025_084621.705_H-43-1157-Y_OP._FINALES.pdf&pr02=application/pdf&pr03=8275,VERDADERO,,,
DAYTON,PAQUETE 8,431157Y,H-43-1157-Y OP. PREVIAS,HOJA DE ESPECIFICACION OPERACIONES PREVIAS,http://rsx-sviis1/rms/frm_showfilepdf.ashx?pr01=09192025_084523.658_H-43-1157-Y_OP._PREVIAS.pdf&pr02=application/pdf&pr03=8276,VERDADERO,,,
DAYTON,PAQUETE 8,TRA038,H-TRA-038,HOJA DE ESPECIFICACION COMPLETA,http://rsx-sviis1/rms/frm_showfilepdf.ashx?pr01=10102025_105617.965_H-TRA-038.pdf&pr02=application/pdf&pr03=8417,VERDADERO,,,
DAYTON,PAQUETE 8,431263Y,H-43-1263-Y OP. FINALES,HOJA DE ESPECIFICACION OPERACIONES FINALES,http://rsx-sviis1/rms/frm_showfilepdf.ashx?pr01=09192025_085442.566_H-43-1263-Y_OP._FINALES.pdf&pr02=application/pdf&pr03=8278,VERDADERO,,,
DAYTON,PAQUETE 8,431263Y,H-43-1263-Y OP. PREVIAS,HOJA DE ESPECIFICACION OPERACIONES PREVIAS,http://rsx-sviis1/rms/frm_showfilepdf.ashx?pr01=09192025_085849.725_H-43-1263-Y_OP._PREVIAS.pdf&pr02=application/pdf&pr03=8279,VERDADERO,,,
DAYTON,PAQUETE 8,432075HD,H-43-2075HD OP. FINALES,HOJA DE ESPECIFICACION OPERACIONES FINALES,http://rsx-sviis1/rms/frm_showfilepdf.ashx?pr01=10152025_104135.849_H-43-2075HD_OP._FINALES.pdf&pr02=application/pdf&pr03=8432,VERDADERO,,,
DAYTON,PAQUETE 8,432075HD,H-43-2075HD OP. PREVIAS,HOJA DE ESPECIFICACION OPERACIONES PREVIAS,http://rsx-sviis1/rms/frm_showfilepdf.ashx?pr01=09192025_090650.556_H-43-2075HD_OP._PREVIAS.pdf&pr02=application/pdf&pr03=8281,VERDADERO,,,
AFTER MARKET,,71145A,H-71-145-A,HOJA DE ESPECIFICACION COMPLETA,http://rsx-sviis1/rms/frm_showfilepdf.ashx?pr01=09232025_111457.012_H-71-145-A.pdf&pr02=application/pdf&pr03=8381,VERDADERO,,,
DAYTON,PAQUETE 1,43932,H-43-932 OP. FINALES,HOJA DE ESPECIFICACION OPERACIONES FINALES,http://rsx-sviis1/rms/frm_showfilepdf.ashx?pr01=10102025_111013.545_H-43-932_OP._FINALES_(06-oct-2025).pdf&pr02=application/pdf&pr03=8418,VERDADERO,,,
DAYTON,PAQUETE 1,43932,H-43-932 OP. PREVIAS,HOJA DE ESPECIFICACION OPERACIONES PREVIAS,http://rsx-sviis1/rms/frm_showfilepdf.ashx?pr01=10102025_111303.717_H-43-932_OP._PREVIAS_(06-oct-2025).pdf&pr02=application/pdf&pr03=8419,VERDADERO,,,
AFTER MARKET,,62147,H-62-147,HOJA DE ESPECIFICACION COMPLETA,http://rsx-sviis1/rms/frm_showfilepdf.ashx?pr01=10102025_112632.048_H-62-147__(19-Septiembre-2025).pdf&pr02=application/pdf&pr03=8421,VERDADERO,,,
AFTER MARKET,,80180N,H-80-180-N,HOJA DE ESPECIFICACION COMPLETA,http://rsx-sviis1/rms/frm_showfilepdf.ashx?pr01=10102025_112224.235_H-80-180-N.pdf&pr02=application/pdf&pr03=8420,VERDADERO,,,
AFTER MARKET,,"13C302CD, 13C302FD, 13C372D, 23C432D, 228732D, 13C362BD, 23C402ED, 23C362GD, 33C492D, 33C492AD, 33C492CD, 33C502BD, 33C532D",RX-PD-HRN-08-A,HOJA DE ESPECIFICACION COMPLETA,http://rsx-sviis1/rms/frm_showfilepdf.ashx?pr01=10102025_121655.402_RX-PD-HRN-08-A.pdf&pr02=application/pdf&pr03=8427,VERDADERO,,,
AFTER MARKET,,551242,H-55-1242,HOJA DE ESPECIFICACION COMPLETA,http://rsx-sviis1/rms/frm_showfilepdf.ashx?pr01=11112025_095108.072_H-55-1242_(10-noviembre-2025).pdf&pr02=application/pdf&pr03=8525,VERDADERO,,,
AFTER MARKET,,80180Q2,RX-PD-HRN-197-B,HOJA DE ESPECIFICACION COMPLETA,http://rsx-sviis1/rms/frm_showfilepdf.ashx?pr01=10152025_103514.025_RX-PD-HRN-197-B.pdf&pr02=application/pdf&pr03=8430,VERDADERO,,,
FORD,COMPONENTES PD,"CO3600076146, CO3600101146, CO3643101127",CO36-01,HOJA DE ESPECIFICACION OPERACIONES PREVIAS,http://rsx-sviis1/rms/frm_showfilepdf.ashx?pr01=10292025_095833.688_CO36-01_(07-octubre-2025).pdf&pr02=application/pdf&pr03=8433,VERDADERO,,,
AFTER MARKET,,45100A,H-45-100-A,HOJA DE ESPECIFICACION COMPLETA,http://rsx-sviis1/rms/frm_showfilepdf.ashx?pr01=10212025_102754.525_H-45-100-A_(20-octubre-2025).pdf&pr02=application/pdf&pr03=8443,VERDADERO,,,
AFTER MARKET,,"TRX303655D, 23362D, SLR175AD, TRX304946D, TRX304058D",RX-PD-HRN-11-A,HOJA DE ESPECIFICACION COMPLETA,http://rsx-sviis1/rms/frm_showfilepdf.ashx?pr01=10212025_103324.682_RX-PD-HRN-11-A_(20-octubre-2025).pdf&pr02=application/pdf&pr03=8444,VERDADERO,,,
AFTER MARKET,,13C300,H-13C-300,HOJA DE ESPECIFICACION COMPLETA,http://rsx-sviis1/rms/frm_showfilepdf.ashx?pr01=10212025_103853.020_H-13C-300_(20-octubre-2025).pdf&pr02=application/pdf&pr03=8446,VERDADERO,,,
AFTER MARKET,,TO393,H-TO-393,HOJA DE ESPECIFICACION COMPLETA,http://rsx-sviis1/rms/frm_showfilepdf.ashx?pr01=10242025_091036.587_H-TO-393__23-10-25.pdf&pr02=application/pdf&pr03=8457,VERDADERO,,,
DAYTON,PAQUETE 8,TRA2297,H-TRA-2297,HOJA DE ESPECIFICACION COMPLETA,http://rsx-sviis1/rms/frm_showfilepdf.ashx?pr01=10282025_103929.461_H-TRA-2297.pdf&pr02=application/pdf&pr03=8464,VERDADERO,,,
DAYTON,PAQUETE 8,461415,H-46-1415 OP. FINALES,HOJA DE ESPECIFICACION OPERACIONES FINALES,http://rsx-sviis1/rms/frm_showfilepdf.ashx?pr01=10282025_104510.212_H-46-1415_OP._FINALES.pdf&pr02=application/pdf&pr03=8465,VERDADERO,,,
DAYTON,PAQUETE 8,461415,H-46-1415 OP. PREVIAS,HOJA DE ESPECIFICACION OPERACIONES PREVIAS,http://rsx-sviis1/rms/frm_showfilepdf.ashx?pr01=10282025_104831.570_H-46-1415_OP._PREVIAS.pdf&pr02=application/pdf&pr03=8466,VERDADERO,,,
DAYTON,PAQUETE 8,50301HD,H-50-301HD OP. FINALES,HOJA DE ESPECIFICACION OPERACIONES FINALES,http://rsx-sviis1/rms/frm_showfilepdf.ashx?pr01=10282025_105052.071_H-50-301HD_OP._FINALES.pdf&pr02=application/pdf&pr03=8467,VERDADERO,,,
DAYTON,PAQUETE 8,50301HD,H-50-301HD OP. PREVIAS,HOJA DE ESPECIFICACION OPERACIONES PREVIAS,http://rsx-sviis1/rms/frm_showfilepdf.ashx?pr01=10282025_105326.352_H-50-301HD_OP._PREVIAS.pdf&pr02=application/pdf&pr03=8468,VERDADERO,,,
DAYTON,PAQUETE 8,14145,H-14-145 OP. FINALES,HOJA DE ESPECIFICACION OPERACIONES FINALES,http://rsx-sviis1/rms/frm_showfilepdf.ashx?pr01=11142025_082004.069_H-14-145_OP._FINALES_13-11-25.pdf&pr02=application/pdf&pr03=8530,VERDADERO,,,
DAYTON,PAQUETE 8,14145,H-14-145 OP. PREVIAS,HOJA DE ESPECIFICACION OPERACIONES PREVIAS,http://rsx-sviis1/rms/frm_showfilepdf.ashx?pr01=11142025_082130.679_H-14-145_OP._PREVIAS_13-11-25.pdf&pr02=application/pdf&pr03=8532,VERDADERO,,,
DAYTON,PAQUETE 8,341343HD,H-34-1343HD OP. FINALES,HOJA DE ESPECIFICACION OPERACIONES FINALES,http://rsx-sviis1/rms/frm_showfilepdf.ashx?pr01=10282025_111110.418_H-34-1343HD_OP._FINALES.pdf&pr02=application/pdf&pr03=8471,VERDADERO,,,
DAYTON,PAQUETE 8,341343HD,H-34-1343HD OP. PREVIAS,HOJA DE ESPECIFICACION OPERACIONES PREVIAS,http://rsx-sviis1/rms/frm_showfilepdf.ashx?pr01=10282025_111310.997_H-34-1343HD_OP._PREVIAS.pdf&pr02=application/pdf&pr03=8472,VERDADERO,,,
DAYTON,PAQUETE 8,341343Y,H-34-1343-Y OP FINALES,HOJA DE ESPECIFICACION OPERACIONES FINALES,http://rsx-sviis1/rms/frm_showfilepdf.ashx?pr01=10282025_111501.950_H-34-1343-Y_OP_FINALES.pdf&pr02=application/pdf&pr03=8473,VERDADERO,,,
DAYTON,PAQUETE 8,341343Y,H-34-1343-Y OP. PREVIAS,HOJA DE ESPECIFICACION OPERACIONES PREVIAS,http://rsx-sviis1/rms/frm_showfilepdf.ashx?pr01=10282025_111732.405_H-34-1343-Y_OP._PREVIAS.pdf&pr02=application/pdf&pr03=8474,VERDADERO,,,
AFTER MARKET,,TO4711,TO-4711,HOJA DE ESPECIFICACION COMPLETA,http://rsx-sviis1/rms/frm_showfilepdf.ashx?pr01=11112025_095011.697_H-TO-4711_(10-noviembre-2025).pdf&pr02=application/pdf&pr03=8526,VERDADERO,,,
AFTER MARKET,,13C180SD,13C-180-SD,HOJA DE ESPECIFICACION COMPLETA,http://rsx-sviis1/rms/frm_showfilepdf.ashx?pr01=11112025_095317.790_13C-180-SD_(10-noviembre-2025).pdf&pr02=application/pdf&pr03=8527,VERDADERO,,,
AFTER MARKET,,"44142HRD, 5512482D, 4612512D",RX-PD-HRN-46-C,HOJA DE ESPECIFICACION COMPLETA,http://rsx-sviis1/rms/frm_showfilepdf.ashx?pr01=11112025_095740.119_RX-PD-HRN-46-C_(10-noviembre-2025).pdf&pr02=application/pdf&pr03=8528,VERDADERO,,,
DAYTON,UTILITY LEAF SPRINGS,US1060,H-US-1060,HOJA DE ESPECIFICACION COMPLETA,http://rsx-sviis1/rms/frm_showfilepdf.ashx?pr01=11192025_082811.949_H-US-1060.pdf&pr02=application/pdf&pr03=8534,VERDADERO,,,
DAYTON,UTILITY LEAF SPRINGS,US1071,H-US-1071,HOJA DE ESPECIFICACION COMPLETA,http://rsx-sviis1/rms/frm_showfilepdf.ashx?pr01=11192025_083103.747_H-US-1071.pdf&pr02=application/pdf&pr03=8535,VERDADERO,,,
DAYTON,UTILITY LEAF SPRINGS,US3073,H-US-3073,HOJA DE ESPECIFICACION COMPLETA,http://rsx-sviis1/rms/frm_showfilepdf.ashx?pr01=11192025_083324.623_H-US-3073.pdf&pr02=application/pdf&pr03=8536,VERDADERO,,,
DAYTON,UTILITY LEAF SPRINGS,US3074,H-US-3074,HOJA DE ESPECIFICACION COMPLETA,http://rsx-sviis1/rms/frm_showfilepdf.ashx?pr01=11192025_083501.827_H-US-3074.pdf&pr02=application/pdf&pr03=8537,VERDADERO,,,
DAYTON,UTILITY LEAF SPRINGS,US3080,H-US-3080,HOJA DE ESPECIFICACION COMPLETA,http://rsx-sviis1/rms/frm_showfilepdf.ashx?pr01=11192025_083627.999_H-US-3080.pdf&pr02=application/pdf&pr03=8538,VERDADERO,,,
